{
  "anim_cozmosays_speakloop_03": [
    {
      "durationTime_ms": 0,
      "faceCenterY": 0.0,
      "faceCenterX": 0.0038805255540995277,
      "Name": "ProceduralFaceKeyFrame",
      "faceScaleY": 1.0,
      "faceScaleX": 1.0,
      "rightEye": [
        -10.146319300278897,
        -0.00340923696614002,
        1.2220369777691873,
        0.9058795193220135,
        0.0,
        0.5,
        0.5,
        0.5,
        0.5,
        0.5,
        0.5,
        0.5,
        0.5,
        0.0,
        0.0,
        0.0,
        0.0,
        0.0,
        0.0
      ],
      "triggerTime_ms": 0,
      "faceAngle": 0.0,
      "leftEye": [
        9.235949943205009,
        -5.9801121954543454e-05,
        1.214332921016245,
        0.9052234470129576,
        0.0,
        0.5002889946223732,
        0.5002889946223732,
        0.5002889946223732,
        0.5002889946223732,
        0.5002889946223732,
        0.5002889946223732,
        0.5002889946223732,
        0.5002889946223732,
        0.0,
        0.0,
        0.0,
        0.0,
        0.0,
        0.0
      ]
    },
    {
      "durationTime_ms": 0,
      "faceCenterY": 0.7481876660241583,
      "faceCenterX": -0.0009102472307048187,
      "Name": "ProceduralFaceKeyFrame",
      "faceScaleY": 1.0351425409317017,
      "faceScaleX": 0.9854786394721498,
      "rightEye": [
        -10.220460766928689,
        0.0007996979179915599,
        1.1951538878689827,
        0.9051398514085349,
        0.0,
        0.5495020410929534,
        0.5495020410929534,
        0.5495020410929534,
        0.5495020410929534,
        0.5495020410929534,
        0.5495020410929534,
        0.5495020410929534,
        0.5495020410929534,
        0.0,
        0.0,
        0.0,
        0.0,
        0.0,
        0.0
      ],
      "triggerTime_ms": 33,
      "faceAngle": 0.0,
      "leftEye": [
        9.154118119961078,
        1.4027431104576741e-05,
        1.1883825985050311,
        0.9052937178962566,
        0.0,
        0.5494631583946799,
        0.5494631583946799,
        0.5494631583946799,
        0.5494631583946799,
        0.5494631583946799,
        0.5494631583946799,
        0.5494631583946799,
        0.5494631583946799,
        0.0,
        0.0,
        0.0,
        0.0,
        0.0,
        0.0
      ]
    },
    {
      "durationTime_ms": 0,
      "faceCenterY": -3.1896408009902975,
      "faceCenterX": 0.0038805255540995277,
      "Name": "ProceduralFaceKeyFrame",
      "faceScaleY": 0.8501818767927901,
      "faceScaleX": 1.0619066953659058,
      "rightEye": [
        -10.146319300278897,
        -0.00340923696614002,
        1.3366439013975786,
        0.9058795193220135,
        0.0,
        0.28896497869774795,
        0.28896497869774795,
        0.28896497869774795,
        0.28896497869774795,
        0.28896497869774795,
        0.28896497869774795,
        0.28896497869774795,
        0.28896497869774795,
        0.0,
        0.0,
        0.0,
        0.0,
        0.0,
        0.0
      ],
      "triggerTime_ms": 132,
      "faceAngle": 0.0,
      "leftEye": [
        9.235949943205009,
        -5.9801121954543454e-05,
        1.3249633076665392,
        0.9052234470129576,
        0.0,
        0.28913074643811665,
        0.28913074643811665,
        0.28913074643811665,
        0.28913074643811665,
        0.28913074643811665,
        0.28913074643811665,
        0.28913074643811665,
        0.28913074643811665,
        0.0,
        0.0,
        0.0,
        0.0,
        0.0,
        0.0
      ]
    },
    {
      "durationTime_ms": 0,
      "faceCenterY": 0.0,
      "faceCenterX": 0.0,
      "Name": "ProceduralFaceKeyFrame",
      "faceScaleY": 1.0,
      "faceScaleX": 1.0,
      "rightEye": [
        -10.206374107265454,
        0.0,
        1.2220369777691873,
        0.9052803931751328,
        0.0,
        0.43769274619637555,
        0.43769274619637555,
        0.43769274619637555,
        0.43769274619637555,
        0.43769274619637555,
        0.43769274619637555,
        0.43769274619637555,
        0.43769274619637555,
        0.0,
        0.0,
        0.0,
        0.0,
        0.0,
        0.0
      ],
      "triggerTime_ms": 231,
      "faceAngle": 0.0,
      "leftEye": [
        9.169666010979592,
        0.0,
        1.214332921016245,
        0.9052803931751328,
        0.0,
        0.43774168883484904,
        0.43774168883484904,
        0.43774168883484904,
        0.43774168883484904,
        0.43774168883484904,
        0.43774168883484904,
        0.43774168883484904,
        0.43774168883484904,
        0.0,
        0.0,
        0.0,
        0.0,
        0.0,
        0.0
      ]
    },
    {
      "durationTime_ms": 0,
      "faceCenterY": 0.0,
      "faceCenterX": 0.0,
      "Name": "ProceduralFaceKeyFrame",
      "faceScaleY": 1.0,
      "faceScaleX": 1.0,
      "rightEye": [
        -10.206374107265454,
        0.0,
        1.2220369777691873,
        0.9052803931751328,
        0.0,
        0.5,
        0.5,
        0.5,
        0.5,
        0.5,
        0.5,
        0.5,
        0.5,
        0.0,
        0.0,
        0.0,
        0.0,
        0.0,
        0.0
      ],
      "triggerTime_ms": 330,
      "faceAngle": 0.0,
      "leftEye": [
        9.169666010979592,
        0.0,
        1.214332921016245,
        0.9052803931751328,
        0.0,
        0.5,
        0.5,
        0.5,
        0.5,
        0.5,
        0.5,
        0.5,
        0.5,
        0.0,
        0.0,
        0.0,
        0.0,
        0.0,
        0.0
      ]
    },
    {
      "durationTime_ms": 0,
      "faceCenterY": 0.0,
      "faceCenterX": 0.0,
      "Name": "ProceduralFaceKeyFrame",
      "faceScaleY": 1.0,
      "faceScaleX": 1.0,
      "rightEye": [
        -10.206374107265454,
        0.0,
        1.2220369777691873,
        0.9052803931751328,
        0.0,
        0.5,
        0.5,
        0.5,
        0.5,
        0.5,
        0.5,
        0.5,
        0.5,
        0.0,
        0.0,
        0.0,
        0.0,
        0.0,
        0.0
      ],
      "triggerTime_ms": 429,
      "faceAngle": 0.0,
      "leftEye": [
        9.169666010979592,
        0.0,
        1.214332921016245,
        0.9052803931751328,
        0.0,
        0.5,
        0.5,
        0.5,
        0.5,
        0.5,
        0.5,
        0.5,
        0.5,
        0.0,
        0.0,
        0.0,
        0.0,
        0.0,
        0.0
      ]
    }
  ]
}