{
  "anim_bouncer_wait_01": [
    {
      "durationTime_ms": 0,
      "faceCenterY": 0.0,
      "faceCenterX": 0.0,
      "Name": "ProceduralFaceKeyFrame",
      "faceScaleY": 1.0,
      "faceScaleX": 1.0,
      "rightEye": [
        -10.206374107265454,
        0.0,
        1.2220369777691873,
        0.9052803931751328,
        0.0,
        0.5,
        0.5,
        0.5,
        0.5,
        0.5,
        0.5,
        0.5,
        0.5,
        0.0,
        0.0,
        0.0,
        0.0,
        0.0,
        0.0
      ],
      "triggerTime_ms": 0,
      "faceAngle": 0.0,
      "leftEye": [
        9.169666010979592,
        0.0,
        1.214332921016245,
        0.9052803931751328,
        0.0,
        0.5,
        0.5,
        0.5,
        0.5,
        0.5,
        0.5,
        0.5,
        0.5,
        0.0,
        0.0,
        0.0,
        0.0,
        0.0,
        0.0
      ]
    },
    {
      "durationTime_ms": 0,
      "faceCenterY": 0.0,
      "faceCenterX": 0.0,
      "Name": "ProceduralFaceKeyFrame",
      "faceScaleY": 1.0,
      "faceScaleX": 1.0,
      "rightEye": [
        -10.206374107265454,
        0.0,
        1.2220369777691873,
        0.9052803931751328,
        0.0,
        0.5,
        0.5,
        0.5,
        0.5,
        0.5,
        0.5,
        0.5,
        0.5,
        0.0,
        0.0,
        0.0,
        0.0,
        0.0,
        0.0
      ],
      "triggerTime_ms": 792,
      "faceAngle": 0.0,
      "leftEye": [
        9.169666010979592,
        0.0,
        1.214332921016245,
        0.9052803931751328,
        0.0,
        0.5,
        0.5,
        0.5,
        0.5,
        0.5,
        0.5,
        0.5,
        0.5,
        0.0,
        0.0,
        0.0,
        0.0,
        0.0,
        0.0
      ]
    },
    {
      "durationTime_ms": 0,
      "faceCenterY": 0.0,
      "faceCenterX": 0.32201085550167113,
      "Name": "ProceduralFaceKeyFrame",
      "faceScaleY": 1.0,
      "faceScaleX": 1.0,
      "rightEye": [
        -6.535683070295255,
        -0.20838116950068372,
        1.2220369777691873,
        0.9425758985577204,
        0.0,
        0.5,
        0.5,
        0.5,
        0.5,
        0.5,
        0.5,
        0.5,
        0.5,
        0.0,
        0.0,
        0.0,
        0.0,
        0.0,
        0.0
      ],
      "triggerTime_ms": 858,
      "faceAngle": 0.0,
      "leftEye": [
        13.221098994901004,
        -0.002791422639392805,
        1.214332921016245,
        0.9017364550295213,
        0.0,
        0.5176638965032616,
        0.5176638965032616,
        0.5176638965032616,
        0.5176638965032616,
        0.5176638965032616,
        0.5176638965032616,
        0.5176638965032616,
        0.5176638965032616,
        0.0,
        0.0,
        0.0,
        0.0,
        0.0,
        0.0
      ]
    },
    {
      "durationTime_ms": 0,
      "faceCenterY": 0.0,
      "faceCenterX": 0.32201085550167113,
      "Name": "ProceduralFaceKeyFrame",
      "faceScaleY": 1.0,
      "faceScaleX": 1.0,
      "rightEye": [
        -6.535683070295255,
        -0.20838116950068372,
        1.2220369777691873,
        0.9425758985577204,
        0.0,
        0.5,
        0.5,
        0.5,
        0.5,
        0.5,
        0.5,
        0.5,
        0.5,
        0.0,
        0.0,
        0.0,
        0.0,
        0.0,
        0.0
      ],
      "triggerTime_ms": 1650,
      "faceAngle": 0.0,
      "leftEye": [
        13.221098994901004,
        -0.002791422639392805,
        1.214332921016245,
        0.9017364550295213,
        0.0,
        0.5176638965032616,
        0.5176638965032616,
        0.5176638965032616,
        0.5176638965032616,
        0.5176638965032616,
        0.5176638965032616,
        0.5176638965032616,
        0.5176638965032616,
        0.0,
        0.0,
        0.0,
        0.0,
        0.0,
        0.0
      ]
    },
    {
      "durationTime_ms": 0,
      "faceCenterY": 0.0,
      "faceCenterX": 0.32201085550167113,
      "Name": "ProceduralFaceKeyFrame",
      "faceScaleY": 1.0,
      "faceScaleX": 1.1538783311843872,
      "rightEye": [
        -6.535683070295255,
        -0.20838116950068372,
        1.251535458274193,
        0.8274787081835484,
        0.0,
        0.4201955907114544,
        0.4201955907114544,
        0.4201955907114544,
        0.4201955907114544,
        0.4201955907114544,
        0.4201955907114544,
        0.4201955907114544,
        0.4201955907114544,
        0.0,
        0.0,
        0.0,
        0.0,
        0.0,
        0.0
      ],
      "triggerTime_ms": 1716,
      "faceAngle": 0.0,
      "leftEye": [
        13.221098994901004,
        -0.002791422639392805,
        1.242807887454562,
        0.7921486477970916,
        0.0,
        0.43501137403858553,
        0.43501137403858553,
        0.43501137403858553,
        0.43501137403858553,
        0.43501137403858553,
        0.43501137403858553,
        0.43501137403858553,
        0.43501137403858553,
        0.0,
        0.0,
        0.0,
        0.0,
        0.0,
        0.0
      ]
    },
    {
      "durationTime_ms": 0,
      "faceCenterY": 0.0,
      "faceCenterX": 0.32201085550167113,
      "Name": "ProceduralFaceKeyFrame",
      "faceScaleY": 1.0,
      "faceScaleX": 1.013871192932129,
      "rightEye": [
        -6.535683070295255,
        -0.20838116950068372,
        1.2246960442333807,
        0.9322006093177038,
        0.0,
        0.4928061105869555,
        0.4928061105869555,
        0.4928061105869555,
        0.4928061105869555,
        0.4928061105869555,
        0.4928061105869555,
        0.4928061105869555,
        0.4928061105869555,
        0.0,
        0.0,
        0.0,
        0.0,
        0.0,
        0.0
      ],
      "triggerTime_ms": 1782,
      "faceAngle": 0.0,
      "leftEye": [
        13.221098994901004,
        -0.002791422639392805,
        1.2168997253746414,
        0.8918577791183964,
        0.0,
        0.5102132870841523,
        0.5102132870841523,
        0.5102132870841523,
        0.5102132870841523,
        0.5102132870841523,
        0.5102132870841523,
        0.5102132870841523,
        0.5102132870841523,
        0.0,
        0.0,
        0.0,
        0.0,
        0.0,
        0.0
      ]
    },
    {
      "durationTime_ms": 0,
      "faceCenterY": 0.0,
      "faceCenterX": 0.32201085550167113,
      "Name": "ProceduralFaceKeyFrame",
      "faceScaleY": 1.0,
      "faceScaleX": 1.0,
      "rightEye": [
        -6.535683070295255,
        -0.20838116950068372,
        1.2220369777691873,
        0.9425758985577204,
        0.0,
        0.5,
        0.5,
        0.5,
        0.5,
        0.5,
        0.5,
        0.5,
        0.5,
        0.0,
        0.0,
        0.0,
        0.0,
        0.0,
        0.0
      ],
      "triggerTime_ms": 1914,
      "faceAngle": 0.0,
      "leftEye": [
        13.221098994901004,
        -0.002791422639392805,
        1.214332921016245,
        0.9017364550295213,
        0.0,
        0.5176638965032616,
        0.5176638965032616,
        0.5176638965032616,
        0.5176638965032616,
        0.5176638965032616,
        0.5176638965032616,
        0.5176638965032616,
        0.5176638965032616,
        0.0,
        0.0,
        0.0,
        0.0,
        0.0,
        0.0
      ]
    },
    {
      "durationTime_ms": 0,
      "faceCenterY": 0.0,
      "faceCenterX": 0.32201085550167113,
      "Name": "ProceduralFaceKeyFrame",
      "faceScaleY": 1.0,
      "faceScaleX": 1.0,
      "rightEye": [
        -6.535683070295255,
        -0.20838116950068372,
        1.2220369777691873,
        0.9425758985577204,
        0.0,
        0.5,
        0.5,
        0.5,
        0.5,
        0.5,
        0.5,
        0.5,
        0.5,
        0.0,
        0.0,
        0.0,
        0.0,
        0.0,
        0.0
      ],
      "triggerTime_ms": 3036,
      "faceAngle": 0.0,