{
  "anim_sdk_speak_01": [
    {
      "durationTime_ms": 0,
      "faceCenterY": 0.0,
      "faceCenterX": 0.0,
      "Name": "ProceduralFaceKeyFrame",
      "faceScaleY": 1.0,
      "faceScaleX": 1.0,
      "rightEye": [
        -10.206374107265454,
        0.0,
        1.2220369777691873,
        0.9052803931751328,
        0.0,
        0.5,
        0.5,
        0.5,
        0.5,
        0.5,
        0.5,
        0.5,
        0.5,
        0.0,
        0.0,
        0.0,
        0.0,
        0.0,
        0.0
      ],
      "triggerTime_ms": 0,
      "faceAngle": 0.0,
      "leftEye": [
        9.169666010979592,
        0.0,
        1.214332921016245,
        0.9052803931751328,
        0.0,
        0.5,
        0.5,
        0.5,
        0.5,
        0.5,
        0.5,
        0.5,
        0.5,
        0.0,
        0.0,
        0.0,
        0.0,
        0.0,
        0.0
      ]
    },
    {
      "durationTime_ms": 0,
      "faceCenterY": 1.2984287141284414,
      "faceCenterX": 0.0,
      "Name": "ProceduralFaceKeyFrame",
      "faceScaleY": 1.104622483253479,
      "faceScaleX": 0.9616264101651962,
      "rightEye": [
        -10.206374107265454,
        0.0,
        1.2220369777691873,
        0.9052803931751328,
        0.0,
        0.5,
        0.5,
        0.5,
        0.5,
        0.5,
        0.5,
        0.5,
        0.5,
        0.0,
        0.0,
        0.0,
        0.0,
        0.0,
        0.0
      ],
      "triggerTime_ms": 33,
      "faceAngle": 0.0,
      "leftEye": [
        9.169666010979592,
        0.0,
        1.214332921016245,
        0.9052803931751328,
        0.0,
        0.5,
        0.5,
        0.5,
        0.5,
        0.5,
        0.5,
        0.5,
        0.5,
        0.0,
        0.0,
        0.0,
        0.0,
        0.0,
        0.0
      ]
    },
    {
      "durationTime_ms": 0,
      "faceCenterY": 4.15009591018162,
      "faceCenterX": 0.0,
      "Name": "ProceduralFaceKeyFrame",
      "faceScaleY": 0.9605889913153843,
      "faceScaleX": 0.8781244747306157,
      "rightEye": [
        -10.206374107265454,
        0.0,
        1.2524634546267517,
        0.9052803931751328,
        0.0,
        0.43178346100233145,
        0.43178346100233145,
        0.43178346100233145,
        0.43178346100233145,
        0.43178346100233145,
        0.43178346100233145,
        0.43178346100233145,
        0.43178346100233145,
        0.0,
        0.0,
        0.0,
        0.0,
        0.0,
        0.0
      ],
      "triggerTime_ms": 66,
      "faceAngle": 0.0,
      "leftEye": [
        9.169666010979592,
        0.0,
        1.243703684951288,
        0.9052803931751328,
        0.0,
        0.43178346100233145,
        0.43178346100233145,
        0.43178346100233145,
        0.43178346100233145,
        0.43178346100233145,
        0.43178346100233145,
        0.43178346100233145,
        0.43178346100233145,
        0.0,
        0.0,
        0.0,
        0.0,
        0.0,
        0.0
      ]
    },
    {
      "durationTime_ms": 0,
      "faceCenterY": 6.983410153834201,
      "faceCenterX": 0.0,
      "Name": "ProceduralFaceKeyFrame",
      "faceScaleY": 0.5205083489754371,
      "faceScaleX": 1.0743476152420044,
      "rightEye": [
        -10.206374107265454,
        0.0,
        1.3429498307737606,
        0.9052803931751328,
        0.0,
        0.2973359398240662,
        0.2973359398240662,
        0.2973359398240662,
        0.2973359398240662,
        0.2973359398240662,
        0.2973359398240662,
        0.2973359398240662,
        0.2973359398240662,
        0.0,
        0.0,
        0.0,
        0.0,
        0.0,
        0.0
      ],
      "triggerTime_ms": 132,
      "faceAngle": 0.0,
      "leftEye": [
        9.169666010979592,
        0.0,
        1.3310504390805982,
        0.9052803931751328,
        0.0,
        0.2973359398240662,
        0.2973359398240662,
        0.2973359398240662,
        0.2973359398240662,
        0.2973359398240662,
        0.2973359398240662,
        0.2973359398240662,
        0.2973359398240662,
        0.0,
        0.0,
        0.0,
        0.0,
        0.0,
        0.0
      ]
    },
    {
      "durationTime_ms": 0,
      "faceCenterY": -0.09169588155835562,
      "faceCenterX": 0.0,
      "Name": "ProceduralFaceKeyFrame",
      "faceScaleY": 1.0523329973220825,
      "faceScaleX": 1.0241779088974,
      "rightEye": [
        -10.206374107265454,
        0.0,
        1.2370485084775311,
        0.900105100668867,
        0.0,
        0.4921788836742177,
        0.4921788836742177,
        0.4921788836742177,
        0.4921788836742177,
        0.5395865400151543,
        0.4919147881320395,
        0.4921788836742177,
        0.4921788836742177,
        0.0,
        0.0,
        0.0,
        0.07773383384457822,
        2.3028464317321777,
        0.0
      ],
      "triggerTime_ms": 231,
      "faceAngle": 0.0,
      "leftEye": [
        9.169666010979592,
        0.07823749045967922,
        1.218294044450344,
        0.896325888797719,
        0.0,
        0.4921788836742177,
        0.4921788836742177,
        0.4921788836742177,
        0.4921788836742177,
        0.5395865400151543,
        0.4919147881320395,
        0.4921788836742177,
        0.4921788836742177,
        0.0,
        0.0,
        0.0,
        0.08211731763408059,
        2.3028464317321777,
        0.0
      ]
    },
    {
      "durationTime_ms": 0,
      "faceCenterY": 7.062228920682686,
      "faceCenterX": 0.0,
      "Name": "ProceduralFaceKeyFrame",
      "faceScaleY": 1.2754369974136353,
      "faceScaleX": 1.127252221107483,
      "rightEye": [
        -10.206374107265454,
        0.0,
        1.3010450343679765,
        0.8780420857885076,
        0.0,
        0.4588362020683618,
        0.4588362020683618,
        0.4588362020683618,
        0.4588362020683618,
        0.7083501360765041,
        0.4574462783324519,
        0.4588362020683618,
        0.4588362020683618,
        0.0,
        0.0,
        0.0,
        0.40912534197598094,
        4.399280071258545,
        0.0
      ],
      "triggerTime_ms": 396,
      "faceAngle": 0.0,
      "leftEye": [
        9.169666010979592,
        0.4117761903232023,
        1.235180915248795,
        0.8581515353853888,
        0.0,
        0.4588362020683618,
        0.4588362020683618,
        0.4588362020683618,
        0.4588362020683618,
        0.7083501360765041,
        0.4574462783324519,
        0.4588362020683618,
        0.4588362020683618,
        0.0,
        0.0,
        0.0,
        0.4321963358278842,
        4.399280071258545,
        0.0
      ]
    },
    {
      "durationTime_ms": 0,
      "faceCenterY": 3.7782923455688437,
      "faceCenterX": 0.0,
      "Name": "ProceduralFaceKeyFrame",
      "faceScaleY": 1.1963558197021484,
      "faceScaleX": 1.0371389389038086,
      "rightEye": [
        -10.206374107265454,
        0.0,
        1.298856227847047,
        0.8907079140418546,
        0.0,
        0.5264490852125832,
        0.5264490852125832,
        0.5264490852125832,
        0.5264490852125832,
        0.6599390526331383,
        0.5257054757340676,
        0.5264490852125832,
        0.5264490852125832,
        0.0,
        0.0,
        0.0,
        0.11087299100791048,
        1.1922051906585693,
        0.0
      ],
      "triggerTime_ms": 462,
      "faceAngle": 0.0,
      "leftEye": [
        9.169666010979592,
        0.2203002547773885,
        1.2588376457080652,
        0.8800664707919452,
        0.0,
        0.5264490852125832,
        0.5264490852125832,
        0.5264490852125832,
        0.5264490852125832,
        0.6599390526331383,
        0.5257054757340676,
        0.5264490852125832,
        0.5264490852125832,
        0.0,
        0.0,
        0.0,
        0.11712522692739746,
        1.1922051906585693,
        0.0
      ]
    },
    {
      "durationTime_ms": 0,
      "faceCenterY": 0.0,
      "faceCenterX": 0.0,
      "Name": "ProceduralFaceKeyFrame",