{
  "anim_hiking_edgesquintgetout_01": [
    {
      "durationTime_ms": 0,
      "faceCenterY": 11.558122966497992,
      "faceCenterX": 0.0,
      "Name": "ProceduralFaceKeyFrame",
      "faceScaleY": 1.1451462507247925,
      "faceScaleX": 1.0,
      "rightEye": [
        -13.862810348915456,
        0.0,
        1.2220369777691873,
        0.6207348153753571,
        0.0,
        0.5,
        0.5,
        0.8551031157835851,
        0.8551031157835851,
        0.8551031157835851,
        0.8551031157835851,
        0.5,
        0.5,
        0.1487083060466431,
        0.0,
        0.0,
        0.37071655058152886,
        4.583662509918213,
        0.0
      ],
      "triggerTime_ms": 0,
      "faceAngle": 0.0,
      "leftEye": [
        10.013480973966686,
        0.0,
        1.214332921016245,
        0.6207348153753571,
        0.0,
        0.5,
        0.5,
        0.8551031157835851,
        0.8551031157835851,
        0.8551031157835851,
        0.8551031157835851,
        0.5,
        0.5,
        0.13761467605622713,
        0.0,
        0.0,
        0.4008424994936408,
        4.583662509918213,
        0.0
      ]
    },
    {
      "durationTime_ms": 0,
      "faceCenterY": 11.558122966497992,
      "faceCenterX": 0.0,
      "Name": "ProceduralFaceKeyFrame",
      "faceScaleY": 1.1451462507247925,
      "faceScaleX": 1.0,
      "rightEye": [
        -13.862810348915456,
        0.0,
        1.2220369777691873,
        0.6207348153753571,
        0.0,
        0.5,
        0.5,
        0.8551031157835851,
        0.8551031157835851,
        0.8551031157835851,
        0.8551031157835851,
        0.5,
        0.5,
        0.1487083060466431,
        0.0,
        0.0,
        0.37071655058152886,
        4.583662509918213,
        0.0
      ],
      "triggerTime_ms": 66,
      "faceAngle": 0.0,
      "leftEye": [
        10.013480973966686,
        0.0,
        1.214332921016245,
        0.6207348153753571,
        0.0,
        0.5,
        0.5,
        0.8551031157835851,
        0.8551031157835851,
        0.8551031157835851,
        0.8551031157835851,
        0.5,
        0.5,
        0.13761467605622713,
        0.0,
        0.0,
        0.4008424994936408,
        4.583662509918213,
        0.0
      ]
    },
    {
      "durationTime_ms": 0,
      "faceCenterY": 11.613008748209952,
      "faceCenterX": 1.4206064358281203,
      "Name": "ProceduralFaceKeyFrame",
      "faceScaleY": 1.169920563697815,
      "faceScaleX": 0.9805749653051234,
      "rightEye": [
        -11.416391327148412,
        0.20017529437372164,
        1.3119901627904857,
        0.7446930425575999,
        0.0,
        0.5,
        0.5,
        0.7560546636597394,
        0.732020789935973,
        0.7611736682417067,
        0.8569765656099619,
        0.5,
        0.5,
        0.0743545540301257,
        0.0,
        0.0,
        0.43892849836248504,
        2.2918434143066406,
        0.03568126642893063
      ],
      "triggerTime_ms": 99,
      "faceAngle": 0.0,
      "leftEye": [
        9.988672047740856,
        2.1331572771134835,
        1.315567709568486,
        0.7999396219642563,
        0.0,
        0.5,
        0.5,
        0.7504405684537758,
        0.732020789935973,
        0.7254582873065658,
        0.732020789935973,
        0.5,
        0.5,
        0.06880770713944806,
        0.0,
        0.0,
        0.4598326361396221,
        2.2918434143066406,
        0.03981813083363378
      ]
    },
    {
      "durationTime_ms": 0,
      "faceCenterY": 12.6443979418832,
      "faceCenterX": 2.2250011798123492,
      "Name": "ProceduralFaceKeyFrame",
      "faceScaleY": 1.1965649127960205,
      "faceScaleX": 0.9611497518174761,
      "rightEye": [
        -9.921704898074957,
        2.8982988509610554,
        1.4019441311568352,
        0.9330204200794014,
        0.0,
        0.5,
        0.5,
        0.6570052084920839,
        0.6089372250342429,
        0.6672432176560186,
        0.8588500744389158,
        0.5,
        0.5,
        0.0,
        0.0,
        0.0,
        0.5071411718796662,
        0.0,
        0.07136297670807247
      ],
      "triggerTime_ms": 132,
      "faceAngle": 0.0,
      "leftEye": [
        8.553427120644807,
        4.266337431460216,
        1.3882450244186124,
        0.9996808875181955,
        0.0,
        0.5,
        0.5,
        0.6457769590775797,
        0.6089372250342429,
        0.5958120427676974,
        0.6089372250342429,
        0.5,
        0.5,
        0.0,
        0.0,
        0.0,
        0.5188234080702072,
        0.0,
        0.07963676240836438
      ]
    },
    {
      "durationTime_ms": 0,
      "faceCenterY": 12.953883346684167,
      "faceCenterX": 2.2250011798123492,
      "Name": "ProceduralFaceKeyFrame",
      "faceScaleY": 1.1965649127960205,
      "faceScaleX": 0.9611497518174761,
      "rightEye": [
        -7.354734023169845,
        2.8982988509610554,
        1.3321991307131218,
        1.0069403316173933,
        0.0,
        0.5,
        0.5,
        0.6570052084920839,
        0.6089372250342429,
        0.6672432176560186,
        0.8588500744389158,
        0.5,
        0.5,
        0.0,
        0.0,
        0.0,
        0.5071411718796662,
        0.0,
        0.07136297670807247
      ],
      "triggerTime_ms": 165,
      "faceAngle": 0.0,
      "leftEye": [
        4.743840459949408,
        4.266337431460216,
        1.3209198276427727,
        1.07360079688076,
        0.0,
        0.5,
        0.5,
        0.6457769590775797,
        0.6089372250342429,
        0.5958120427676974,
        0.6089372250342429,
        0.5,
        0.5,
        0.0,
        0.0,
        0.0,
        0.5188234080702072,
        0.0,
        0.07963676240836438
      ]
    },
    {
      "durationTime_ms": 0,
      "faceCenterY": 5.963191837487899,
      "faceCenterX": 0.529054655399181,
      "Name": "ProceduralFaceKeyFrame",
      "faceScaleY": 0.4240261321395615,
      "faceScaleX": 1.1734261512756348,
      "rightEye": [
        -8.78055406521765,
        1.4491494254805277,
        1.3216279873109062,
        0.9052803931751328,
        0.0,
        0.27274198411688494,
        0.27274198411688494,
        0.3633189939746297,
        0.3362072211883608,
        0.3692361854567883,
        0.4806478622307917,
        0.27274198411688494,
        0.27274198411688494,
        0.0,
        0.0,
        0.0,
        0.38139630343350883,
        0.0,
        0.023911912303483468
      ],
      "triggerTime_ms": 198,
      "faceAngle": 0.0,
      "leftEye": [
        6.956752897643123,
        2.133168715730108,
        1.3104684034432024,
        0.9052803931751328,
        0.0,
        0.27274198411688494,
        0.27274198411688494,
        0.35682944799440014,
        0.3362072211883608,
        0.3279515215784176,
        0.3362072211883608,
        0.27274198411688494,
        0.27274198411688494,
        0.0,
        0.0,
        0.0,
        0.38395913849428576,
        0.0,
        0.02388454913271642
      ]
    },
    {
      "durationTime_ms": 0,
      "faceCenterY": 14.501933682715846,
      "faceCenterX": 0.8087096993206562,
      "Name": "ProceduralFaceKeyFrame",
      "faceScaleY": 0.0746653012631696,
      "faceScaleX": 1.2387584447860718,
      "rightEye": [
        -10.206374107265454,
        0.0,
        1.36807429903117,
        0.9052803931751328,
        0.0,
        0.280535546019851,
        0.280535546019851,
        0.3680063062313523,
        0.3418243255471931,
        0.37372058785264284,
        0.4813115232341467,
        0.280535546019851,
        0.280535546019851,
        0.0,
        0.0,
        0.0,
        0.33600364348614364,
        0.0,
        0.01745322595511757
      ],
      "triggerTime_ms": 231,
      "faceAngle": 0.0,