{
  "anim_speedtap_idle_02": [
    {
      "angleVariability_deg": 0,
      "angle_deg": -5.467882156372069,
      "triggerTime_ms": 66,
      "Name": "HeadAngleKeyFrame",
      "durationTime_ms": 66
    },
    {
      "angleVariability_deg": 0,
      "angle_deg": -12.433046340942381,
      "triggerTime_ms": 429,
      "Name": "HeadAngleKeyFrame",
      "durationTime_ms": 66
    },
    {
      "durationTime_ms": 0,
      "faceCenterY": 16.147773987329405,
      "faceCenterX": 0.0,
      "Name": "ProceduralFaceKeyFrame",
      "faceScaleY": 0.4646624925891009,
      "faceScaleX": 0.8550546161179774,
      "rightEye": [
        -10.206374107265454,
        4.532263995714744,
        1.2220369777691873,
        0.6930756989638951,
        0.0,
        0.2038535989906569,
        0.5,
        0.14710620348985828,
        0.3587190055347407,
        0.22975558283656647,
        0.5644868075802698,
        0.26927499268787963,
        0.6628761419159304,
        0.11342773653240523,
        16.146017074584957,
        0.0,
        0.0,
        0.0,
        0.0
      ],
      "triggerTime_ms": 0,
      "faceAngle": 0.0,
      "leftEye": [
        7.80015369162299,
        0.0,
        1.3792622668330736,
        0.9052803931751328,
        0.0,
        0.2038535989906569,
        0.5,
        0.14710620348985828,
        0.3587190055347407,
        0.26008660986434734,
        0.6400003707744304,
        0.30494039847362325,
        0.5894597663203065,
        0.12667019689000092,
        33.12042617797851,
        0.0,
        0.0,
        0.0,
        0.0
      ]
    },
    {
      "durationTime_ms": 0,
      "faceCenterY": 16.147773987329405,
      "faceCenterX": 0.0,
      "Name": "ProceduralFaceKeyFrame",
      "faceScaleY": 0.4646624925891009,
      "faceScaleX": 0.9628351923700489,
      "rightEye": [
        -10.206374107265454,
        4.532263995714744,
        1.2220369777691873,
        0.6930756989638951,
        0.0,
        0.2038535989906569,
        0.5,
        0.14710620348985828,
        0.3587190055347407,
        0.22975558283656647,
        0.5644868075802698,
        0.26927499268787963,
        0.6628761419159304,
        0.46300854406969993,
        9.556251525878904,
        0.0,
        0.0,
        0.0,
        0.0
      ],
      "triggerTime_ms": 33,
      "faceAngle": 0.0,
      "leftEye": [
        7.80015369162299,
        0.0,
        1.3792622668330736,
        0.9052803931751328,
        0.0,
        0.2038535989906569,
        0.5,
        0.14710620348985828,
        0.3587190055347407,
        0.26008660986434734,
        0.6400003707744304,
        0.30494039847362325,
        0.5894597663203065,
        0.41764282184357493,
        26.530660629272457,
        0.0,
        0.0,
        0.0,
        0.0
      ]
    },
    {
      "durationTime_ms": 0,
      "faceCenterY": 4.563500747317449,
      "faceCenterX": 0.0,
      "Name": "ProceduralFaceKeyFrame",
      "faceScaleY": 0.840649663564649,
      "faceScaleX": 1.0258504152297974,
      "rightEye": [
        -10.206374107265454,
        -2.1884342312829426,
        1.2910103693162462,
        0.8963234572792658,
        0.0,
        0.5,
        0.5,
        0.5,
        0.5,
        0.5,
        0.5,
        0.5,
        0.5,
        0.0,
        0.0,
        0.0,
        0.0,
        0.0,
        0.0
      ],
      "triggerTime_ms": 66,
      "faceAngle": 0.0,
      "leftEye": [
        8.484921675049458,
        0.0,
        1.3682976630500163,
        1.0024239320709978,
        0.0,
        0.5,
        0.5,
        0.5,
        0.5,
        0.5,
        0.5,
        0.5,
        0.5,
        0.0,
        0.0,
        0.0,
        0.0,
        0.0,
        0.0
      ]
    },
    {
      "durationTime_ms": 0,
      "faceCenterY": -0.41734533941245633,
      "faceCenterX": 0.0,
      "Name": "ProceduralFaceKeyFrame",
      "faceScaleY": 1.207885980606079,
      "faceScaleX": 1.0506255626678467,
      "rightEye": [
        -10.206374107265454,
        1.0447375330508921,
        1.27412906989874,
        0.9973905916567105,
        0.0,
        0.535944369936658,
        0.535944369936658,
        0.5,
        0.5,
        0.7397288866013128,
        0.7397288866013128,
        0.535944369936658,
        0.535944369936658,
        0.0,
        0.0,
        0.0,
        0.0,
        0.0,
        0.0
      ],
      "triggerTime_ms": 99,
      "faceAngle": 0.0,
      "leftEye": [
        9.169666010979592,
        0.0,
        1.3474910735321692,
        1.0995641606521271,
        0.0,
        0.535944369936658,
        0.535944369936658,
        0.5,
        0.5,
        0.7397288866013128,
        0.7397288866013128,
        0.535944369936658,
        0.535944369936658,
        0.0,
        0.0,
        0.0,
        0.0,
        0.0,
        0.0
      ]
    },
    {
      "durationTime_ms": 0,
      "faceCenterY": -0.28610007710740654,
      "faceCenterX": 0.0,
      "Name": "ProceduralFaceKeyFrame",
      "faceScaleY": 1.1127077341079712,
      "faceScaleX": 1.026911973953247,
      "rightEye": [
        -10.206374107265454,
        0.7738761199977092,
        1.2369890215319408,
        0.9866392924030833,
        0.0,
        0.5212022810487333,
        0.5212022810487333,
        0.5,
        0.5,
        0.6458685310771557,
        0.6414229819095958,
        0.5235351249399933,
        0.5212022810487333,
        0.0,
        0.0,
        0.0,
        0.0,
        0.0,
        0.0
      ],
      "triggerTime_ms": 132,
      "faceAngle": 0.0,
      "leftEye": [
        9.169666010979592,
        0.0,
        1.3202076323610377,
        1.0215808929237225,
        0.0,
        0.5212022810487333,
        0.5212022810487333,
        0.5,
        0.5,
        0.6414072282215244,
        0.6414072282215244,
        0.5212022810487333,
        0.5212022810487333,
        0.0,
        0.0,
        0.0,
        0.0,
        0.0,
        0.0
      ]
    },
    {
      "durationTime_ms": 0,
      "faceCenterY": -0.11310062001700036,
      "faceCenterX": 0.0,
      "Name": "ProceduralFaceKeyFrame",
      "faceScaleY": 0.9796177743067607,
      "faceScaleX": 0.9421346183087334,
      "rightEye": [
        -10.206374107265454,
        0.0,
        1.1829674392211667,
        0.9389231742765105,
        0.0,
        0.5097409124523189,
        0.5097409124523189,
        0.5,
        0.5,
        0.564966557534234,
        0.564966557534234,
        0.5097409124523189,
        0.5097409124523189,
        0.0,
        0.0,
        0.0,
        0.0,
        0.0,
        0.0
      ],
      "triggerTime_ms": 198,
      "faceAngle": 0.0,
      "leftEye": [
        9.169666010979592,
        0.0,
        1.2776513576515454,
        0.9397730386062904,
        0.0,
        0.5097409124523189,
        0.5097409124523189,
        0.5,
        0.5,
        0.564966557534234,
        0.564966557534234,
        0.5097409124523189,
        0.5097409124523189,
        0.0,
        0.0,
        0.0,
        0.0,
        0.0,
        0.0
      ]
    },
    {
      "durationTime_ms": 0,
      "faceCenterY": -0.11310062001700036,
      "faceCenterX": 0.0,
      "Name": "ProceduralFaceKeyFrame",
      "faceScaleY": 0.9796177743067607,
      "faceScaleX": 0.9421346183087334,
      "rightEye": [
        -10.206374107265454,
        0.0,
        1.1935843717800558,
        0.8982309835058402,
        0.0,
        0.5097409124523189,
        0.5097409124523189,
        0.5,
        0.5,
        0.564966557534234,
        0.564966557534234,
        0.5097409124523189,
        0.5097409124523189,
        0.0,
        0.0,
        0.0,
        0.0,
        0.0,
        0.0
      ],
      "triggerTime_ms": 264,
      "faceAngle": 0.0,