{
  "anim_speedtap_startdriving_01": [
    {
      "durationTime_ms": 0,
      "faceCenterY": 16.147773987329405,
      "faceCenterX": 0.0,
      "Name": "ProceduralFaceKeyFrame",
      "faceScaleY": 0.4646624925891009,
      "faceScaleX": 0.8550546161179774,
      "rightEye": [
        -10.206374107265454,
        4.532263995714744,
        1.2220369777691873,
        0.6930756989638951,
        0.0,
        0.2038535989906569,
        0.5,
        0.14710620348985828,
        0.3587190055347407,
        0.22975558283656647,
        0.5644868075802698,
        0.26927499268787963,
        0.6628761419159304,
        0.11342773653240523,
        16.146017074584957,
        0.0,
        0.0,
        0.0,
        0.0
      ],
      "triggerTime_ms": 0,
      "faceAngle": 0.0,
      "leftEye": [
        7.80015369162299,
        0.0,
        1.3792622668330736,
        0.9052803931751328,
        0.0,
        0.2038535989906569,
        0.5,
        0.14710620348985828,
        0.3587190055347407,
        0.26008660986434734,
        0.6400003707744304,
        0.30494039847362325,
        0.5894597663203065,
        0.12667019689000092,
        33.12042617797851,
        0.0,
        0.0,
        0.0,
        0.0
      ]
    },
    {
      "durationTime_ms": 0,
      "faceCenterY": 18.056178305049006,
      "faceCenterX": 0.0,
      "Name": "ProceduralFaceKeyFrame",
      "faceScaleY": 0.24394227672171095,
      "faceScaleX": 0.9924581646226287,
      "rightEye": [
        -10.206374107265454,
        2.9369069857806385,
        1.2220369777691873,
        0.7677717513262508,
        0.0,
        0.308097124854754,
        0.5,
        0.27132483071935426,
        0.40844991804797476,
        0.3248816174859038,
        0.5417874541441385,
        0.35049018158280215,
        0.605543750817997,
        0.0735011705388613,
        10.462618827819822,
        0.0,
        0.0,
        0.0,
        0.0
      ],
      "triggerTime_ms": 66,
      "faceAngle": 0.0,
      "leftEye": [
        8.282222092898218,
        0.0,
        1.3212070933399143,
        0.9052803931751328,
        0.0,
        0.308097124854754,
        0.5,
        0.27132483071935426,
        0.40844991804797476,
        0.344536113500827,
        0.5907202383737484,
        0.3736013731448586,
        0.5579699139429195,
        0.08208228590777034,
        21.462036132812496,
        0.0,
        0.0,
        0.0,
        0.0
      ]
    },
    {
      "durationTime_ms": 0,
      "faceCenterY": 11.07423581763925,
      "faceCenterX": 0.0,
      "Name": "ProceduralFaceKeyFrame",
      "faceScaleY": 0.5496148465949329,
      "faceScaleX": 0.9035328620097772,
      "rightEye": [
        -10.206374107265454,
        1.9873070397349013,
        1.2220369777691873,
        0.8122328929601963,
        0.0,
        0.3406068073649736,
        0.4277660934751736,
        0.3157242109967585,
        0.36581719260360496,
        0.3519643019749318,
        0.45604225298072565,
        0.3692927689285568,
        0.4991840238366825,
        0.04973578937606116,
        7.079705238342284,
        0.0,
        0.0,
        0.0,
        0.0
      ],
      "triggerTime_ms": 99,
      "faceAngle": 0.0,
      "leftEye": [
        8.56916216470574,
        0.0,
        1.2866511909347536,
        0.9052803931751328,
        0.0,
        0.3406068073649736,
        0.4277660934751736,
        0.3157242109967585,
        0.36581719260360496,
        0.3652638664325639,
        0.48915343794941707,
        0.3849313430916767,
        0.46699239397970377,
        0.05554234704062755,
        14.522644042968748,
        0.0,
        0.0,
        0.0,
        0.0
      ]
    },
    {
      "durationTime_ms": 0,
      "faceCenterY": -2.8896495706063066,
      "faceCenterX": 0.0,
      "Name": "ProceduralFaceKeyFrame",
      "faceScaleY": 1.1609599590301514,
      "faceScaleX": 0.9147815698327211,
      "rightEye": [
        -10.206374107265454,
        0.0,
        1.2220369777691873,
        0.9052803931751328,
        0.0,
        0.4086425024617361,
        0.27659615045691044,
        0.4086425024617361,
        0.27659615045691044,
        0.4086425024617361,
        0.27659615045691044,
        0.4086425024617361,
        0.27659615045691044,
        0.0,
        0.0,
        0.0,
        0.0,
        0.0,
        0.0
      ],
      "triggerTime_ms": 165,
      "faceAngle": 0.0,
      "leftEye": [
        9.169666010979592,
        0.0,
        1.214332921016245,
        0.9052803931751328,
        0.0,
        0.4086425024617361,
        0.27659615045691044,
        0.4086425024617361,
        0.27659615045691044,
        0.4086425024617361,
        0.27659615045691044,
        0.4086425024617361,
        0.27659615045691044,
        0.0,
        0.0,
        0.0,
        0.0,
        0.0,
        0.0
      ]
    },
    {
      "durationTime_ms": 0,
      "faceCenterY": -0.567609749341721,
      "faceCenterX": 0.0,
      "Name": "ProceduralFaceKeyFrame",
      "faceScaleY": 1.0615893602371216,
      "faceScaleX": 0.9763079283554099,
      "rightEye": [
        -10.206374107265454,
        0.0,
        1.2220369777691873,
        0.9052803931751328,
        0.0,
        0.46858215945125936,
        0.42317141522742846,
        0.46858215945125936,
        0.42317141522742846,
        0.46858215945125936,
        0.42317141522742846,
        0.46858215945125936,
        0.42317141522742846,
        0.0,
        0.0,
        0.0,
        0.0,
        0.0,
        0.0
      ],
      "triggerTime_ms": 231,
      "faceAngle": 0.0,
      "leftEye": [
        9.169666010979592,
        0.0,
        1.214332921016245,
        0.9052803931751328,
        0.0,
        0.46858215945125936,
        0.42317141522742846,
        0.46858215945125936,
        0.42317141522742846,
        0.46858215945125936,
        0.42317141522742846,
        0.46858215945125936,
        0.42317141522742846,
        0.0,
        0.0,
        0.0,
        0.0,
        0.0,
        0.0
      ]
    },
    {
      "durationTime_ms": 0,
      "faceCenterY": 0.0,
      "faceCenterX": 0.0,
      "Name": "ProceduralFaceKeyFrame",
      "faceScaleY": 1.0,
      "faceScaleX": 1.0,
      "rightEye": [
        -10.206374107265454,
        0.0,
        1.2220369777691873,
        0.9052803931751328,
        0.0,
        0.5,
        0.5,
        0.5,
        0.5,
        0.5,
        0.5,
        0.5,
        0.5,
        0.0,
        0.0,
        0.0,
        0.0,
        0.0,
        0.0
      ],
      "triggerTime_ms": 396,
      "faceAngle": 0.0,
      "leftEye": [
        9.169666010979592,
        0.0,
        1.214332921016245,
        0.9052803931751328,
        0.0,
        0.5,
        0.5,
        0.5,
        0.5,
        0.5,
        0.5,
        0.5,
        0.5,
        0.0,
        0.0,
        0.0,
        0.0,
        0.0,
        0.0
      ]
    },
    {
      "volume": 1.0,
      "audioName": [
        "Play__Robot_Sfx__Mvt_Tread_Forward_Start"
      ],
      "Name": "RobotAudioKeyFrame",
      "probability": 1.0,
      "hasAlts": true,
      "triggerTime_ms": 0.0,
      "audioEventId": [
        2652548234
      ]
    },
    {
      "volume": 1.0,
      "audioName": [
        "Play__Robot_Vo__Shared_Align_Grunt"
      ],
      "Name": "RobotAudioKeyFrame",
      "probability": 1.0,
      "hasAlts": true,
      "triggerTime_ms": 165.0,
      "audioEventId": [
        254819395
      ]
    },
    {
      "volume": 1.0,
      "audioName": [
        "Play__Robot_Sfx__Scrn_Happy_Short"
      ],
      "Name": "RobotAudioKeyFrame",
      "probability": 1.0,
      "hasAlts": true,
      "triggerTime_ms": 462.0,
      "audioEventId": [
        3678808343
      ]
    }
  ]
}