{
  "anim_repair_severe_driving_end_01": [
    {
      "angleVariability_deg": 0,
      "angle_deg": -18.349508285522457,
      "triggerTime_ms": 0,
      "Name": "HeadAngleKeyFrame",
      "durationTime_ms": 66
    },
    {
      "angleVariability_deg": 0,
      "angle_deg": -13.04225730895996,
      "triggerTime_ms": 66,
      "Name": "HeadAngleKeyFrame",
      "durationTime_ms": 462
    },
    {
      "Name": "ProceduralFaceKeyFrame",
      "faceScaleY": 0.6881323449855017,
      "faceScaleX": 0.9640879628031495,
      "faceAngle": 0.0,
      "leftEye": [
        9.169666010979592,
        1.5802099077248075,
        1.242017415675718,
        0.8295074212898328,
        0.0,
        0.5004404542376513,
        0.5004404542376513,
        0.5004404542376513,
        0.5004404542376513,
        0.5004404542376513,
        0.5004404542376513,
        0.5004404542376513,
        0.5004404542376513,
        0.4541043138889249,
        -19.176406860351562,
        0.0,
        0.18623562481735567,
        0.0,
        0.0
      ],
      "durationTime_ms": 0,
      "faceCenterY": 14.115870139321489,
      "faceCenterX": 0.0,
      "rightEye": [
        -10.206374107265454,
        0.0,
        1.388098231316042,
        0.9052803931751328,
        0.0,
        0.5,
        0.5,
        0.5,
        0.5,
        0.5,
        0.5,
        0.5,
        0.5,
        0.45238226476685683,
        -24.997615814208984,
        0.0,
        0.11689991284633672,
        0.0,
        0.0
      ],
      "triggerTime_ms": 0
    },
    {
      "Name": "ProceduralFaceKeyFrame",
      "faceScaleY": 0.1040005916078347,
      "faceScaleX": 1.3339025974273682,
      "faceAngle": 0.0,
      "leftEye": [
        9.169666010979592,
        0.0,
        1.440483407724056,
        0.9052803931751328,
        0.0,
        0.013106568744602615,
        0.013106568744602615,
        0.013106568744602615,
        0.013106568744602615,
        0.013106568744602615,
        0.013106568744602615,
        0.013106568744602615,
        0.013106568744602615,
        0.0,
        0.0,
        0.0,
        0.0,
        0.0,
        0.0
      ],
      "durationTime_ms": 0,
      "faceCenterY": 20.63327149058239,
      "faceCenterX": 0.12512259741521975,
      "rightEye": [
        -10.206374107265454,
        0.0,
        1.4563162959729563,
        0.9052803931751328,
        0.0,
        0.013106568744602615,
        0.013106568744602615,
        0.013106568744602615,
        0.013106568744602615,
        0.013106568744602615,
        0.013106568744602615,
        0.013106568744602615,
        0.013106568744602615,
        0.0,
        0.0,
        0.0,
        0.0,
        0.0,
        0.0
      ],
      "triggerTime_ms": 33
    },
    {
      "Name": "ProceduralFaceKeyFrame",
      "faceScaleY": 0.1040005916078347,
      "faceScaleX": 1.5389087200164795,
      "faceAngle": 0.0,
      "leftEye": [
        9.169666010979592,
        0.0,
        1.440483407724056,
        0.9052803931751328,
        0.0,
        0.013106568744602615,
        0.013106568744602615,
        0.013106568744602615,
        0.013106568744602615,
        0.013106568744602615,
        0.013106568744602615,
        0.013106568744602615,
        0.013106568744602615,
        0.0,
        0.0,
        0.0,
        0.0,
        0.0,
        0.0
      ],
      "durationTime_ms": 0,
      "faceCenterY": 18.810808721198672,
      "faceCenterX": 0.06343075790969883,
      "rightEye": [
        -10.206374107265454,
        0.0,
        1.4563162959729563,
        0.9052803931751328,
        0.0,
        0.013106568744602615,
        0.013106568744602615,
        0.013106568744602615,
        0.013106568744602615,
        0.013106568744602615,
        0.013106568744602615,
        0.013106568744602615,
        0.013106568744602615,
        0.0,
        0.0,
        0.0,
        0.0,
        0.0,
        0.0
      ],
      "triggerTime_ms": 66
    },
    {
      "Name": "ProceduralFaceKeyFrame",
      "faceScaleY": 0.2935538599875404,
      "faceScaleX": 1.1739869117736816,
      "faceAngle": 0.0,
      "leftEye": [
        9.169666010979592,
        0.0,
        1.28734570600077,
        0.9052803931751328,
        0.0,
        0.3428063054409929,
        0.3428063054409929,
        0.3428063054409929,
        0.3428063054409929,
        0.3428063054409929,
        0.3428063054409929,
        0.3428063054409929,
        0.3428063054409929,
        0.0,
        0.0,
        0.0,
        0.0,
        0.0,
        0.0
      ],
      "durationTime_ms": 0,
      "faceCenterY": 11.79946142027575,
      "faceCenterX": 0.102423545089621,
      "rightEye": [
        -10.206374107265454,
        0.0,
        1.2976741596137977,
        0.9052803931751328,
        0.0,
        0.3428063054409929,
        0.3428063054409929,
        0.3428063054409929,
        0.3428063054409929,
        0.3428063054409929,
        0.3428063054409929,
        0.3428063054409929,
        0.3428063054409929,
        0.0,
        0.0,
        0.0,
        0.0,
        0.0,
        0.0
      ],
      "triggerTime_ms": 99
    },
    {
      "Name": "ProceduralFaceKeyFrame",
      "faceScaleY": 1.0,
      "faceScaleX": 0.8806864611852571,
      "faceAngle": 0.0,
      "leftEye": [
        9.220410835542276,
        -4.5781613488850786e-05,
        1.2143317121127442,
        0.9230135545154212,
        0.0,
        0.5002223807128878,
        0.5002223807128878,
        0.36752693979099077,
        0.36752693979099077,
        0.500221259663924,
        0.500221259663924,
        0.500221259663924,
        0.500221259663924,
        0.1209361662321421,
        -7.42727518081665,
        0.0,
        0.23754767437254432,
        0.0,
        0.0
      ],
      "durationTime_ms": 0,
      "faceCenterY": 3.542697904329231,
      "faceCenterX": 0.05360412168540712,
      "rightEye": [
        -10.16039818896639,
        -0.002614223871562162,
        1.2220355688678466,
        0.9235155171849101,
        0.0,
        0.5000011210489639,
        0.5000011210489639,
        0.3672407182878711,
        0.3672407182878711,
        0.5,
        0.5,
        0.5,
        0.5,
        0.09791686625868967,
        -12.111207962036131,
        0.0,
        0.2303818076507258,
        0.0,
        0.0
      ],
      "triggerTime_ms": 198
    },
    {
      "Name": "ProceduralFaceKeyFrame",
      "faceScaleY": 1.0,
      "faceScaleX": 0.9371278281170697,
      "faceAngle": 0.0,
      "leftEye": [
        9.257921169870707,
        -7.751186127034458e-05,
        1.2143308054351185,
        0.9105486183166818,
        0.0,
        0.5003964383151747,
        0.5003964383151747,
        0.5003964383151747,
        0.5003964383151747,
        0.500394373224978,
        0.500394373224978,
        0.500394373224978,
        0.500394373224978,
        0.1690158795523914,
        -2.889227867126465,
        0.0,
        0.4131454584998464,
        0.0,
        0.0
      ],
      "durationTime_ms": 0,
      "faceCenterY": 0.791005100628226,
      "faceCenterX": 0.013732374305248419,
      "rightEye": [
        -10.12641288623724,
        -0.004546686229380877,
        1.222034629600286,
        0.9114132662786574,
        0.0,
        0.5000019470850425,
        0.5000019470850425,
        0.5000019470850425,
        0.5000019470850425,
        0.5,
        0.5,
        0.5,
        0.5,
        0.14283713808589105,
        -8.21212100982666,
        0.0,
        0.40068252589009556,
        0.0,
        0.0
      ],
      "triggerTime_ms": 297
    },
    {
      "Name": "ProceduralFaceKeyFrame",
      "faceScaleY": 1.0,
      "faceScaleX": 1.0,
      "faceAngle": 0.0,