{
  "anim_bouncer_wait_03": [
    {
      "durationTime_ms": 0,
      "faceCenterY": 0.0,
      "faceCenterX": 0.0,
      "Name": "ProceduralFaceKeyFrame",
      "faceScaleY": 1.0,
      "faceScaleX": 1.0,
      "rightEye": [
        -10.206374107265454,
        0.0,
        1.2220369777691873,
        0.9052803931751328,
        0.0,
        0.5,
        0.5,
        0.5,
        0.5,
        0.5,
        0.5,
        0.5,
        0.5,
        0.0,
        0.0,
        0.0,
        0.0,
        0.0,
        0.0
      ],
      "triggerTime_ms": 2310,
      "faceAngle": 0.0,
      "leftEye": [
        9.169666010979592,
        0.0,
        1.215142281910057,
        0.905801321688557,
        0.0,
        0.5,
        0.5,
        0.5,
        0.5,
        0.5,
        0.5,
        0.5,
        0.5,
        0.0,
        0.0,
        0.0,
        0.0,
        0.0,
        0.0
      ]
    },
    {
      "durationTime_ms": 0,
      "faceCenterY": 0.32417266637958525,
      "faceCenterX": 0.0,
      "Name": "ProceduralFaceKeyFrame",
      "faceScaleY": 0.9375005359630788,
      "faceScaleX": 1.0552767515182495,
      "rightEye": [
        -10.206374107265454,
        0.0,
        1.2304324643179207,
        0.9052803931751328,
        0.0,
        0.4669041556237693,
        0.4669041556237693,
        0.4669041556237693,
        0.4669041556237693,
        0.4669041556237693,
        0.4669041556237693,
        0.4669041556237693,
        0.4669041556237693,
        0.0,
        0.0,
        0.0,
        0.0,
        0.0,
        0.0
      ],
      "triggerTime_ms": 2343,
      "faceAngle": 0.0,
      "leftEye": [
        9.169666010979592,
        0.0,
        1.2232464687576157,
        0.905801321688557,
        0.0,
        0.4669041556237693,
        0.4669041556237693,
        0.4669041556237693,
        0.4669041556237693,
        0.4669041556237693,
        0.4669041556237693,
        0.4669041556237693,
        0.4669041556237693,
        0.0,
        0.0,
        0.0,
        0.0,
        0.0,
        0.0
      ]
    },
    {
      "durationTime_ms": 0,
      "faceCenterY": 7.939861178552975,
      "faceCenterX": 0.0,
      "Name": "ProceduralFaceKeyFrame",
      "faceScaleY": 0.0746653012631696,
      "faceScaleX": 1.818399429321289,
      "rightEye": [
        -10.206374107265454,
        0.0,
        1.346335733820339,
        0.9052803931751328,
        0.0,
        0.01,
        0.01,
        0.01,
        0.01,
        0.01,
        0.01,
        0.01,
        0.01,
        0.0,
        0.0,
        0.0,
        0.0,
        0.0,
        0.0
      ],
      "triggerTime_ms": 2376,
      "faceAngle": 0.0,
      "leftEye": [
        9.169666010979592,
        0.0,
        1.335128221744516,
        0.905801321688557,
        0.0,
        0.01,
        0.01,
        0.01,
        0.01,
        0.01,
        0.01,
        0.01,
        0.01,
        0.0,
        0.0,
        0.0,
        0.0,
        0.0,
        0.0
      ]
    },
    {
      "durationTime_ms": 0,
      "faceCenterY": 9.506501727138643,
      "faceCenterX": 0.0,
      "Name": "ProceduralFaceKeyFrame",
      "faceScaleY": 0.0746653012631696,
      "faceScaleX": 1.818399429321289,
      "rightEye": [
        -10.206374107265454,
        0.0,
        1.346335733820339,
        0.9052803931751328,
        0.0,
        0.01,
        0.01,
        0.01,
        0.01,
        0.01,
        0.01,
        0.01,
        0.01,
        0.0,
        0.0,
        0.0,
        0.0,
        0.0,
        0.0
      ],
      "triggerTime_ms": 2409,
      "faceAngle": 0.0,
      "leftEye": [
        9.169666010979592,
        0.0,
        1.335128221744516,
        0.905801321688557,
        0.0,
        0.01,
        0.01,
        0.01,
        0.01,
        0.01,
        0.01,
        0.01,
        0.01,
        0.0,
        0.0,
        0.0,
        0.0,
        0.0,
        0.0
      ]
    },
    {
      "durationTime_ms": 0,
      "faceCenterY": 6.4828013555680295,
      "faceCenterX": 0.0,
      "Name": "ProceduralFaceKeyFrame",
      "faceScaleY": 0.0746653012631696,
      "faceScaleX": 1.818399429321289,
      "rightEye": [
        -10.206374107265454,
        0.0,
        1.346335733820339,
        0.9052803931751328,
        0.0,
        0.01,
        0.01,
        0.01,
        0.01,
        0.01,
        0.01,
        0.01,
        0.01,
        0.0,
        0.0,
        0.0,
        0.0,
        0.0,
        0.0
      ],
      "triggerTime_ms": 2442,
      "faceAngle": 0.0,
      "leftEye": [
        9.169666010979592,
        0.0,
        1.335128221744516,
        0.905801321688557,
        0.0,
        0.01,
        0.01,
        0.01,
        0.01,
        0.01,
        0.01,
        0.01,
        0.01,
        0.0,
        0.0,
        0.0,
        0.0,
        0.0,
        0.0
      ]
    },
    {
      "durationTime_ms": 0,
      "faceCenterY": 0.0,
      "faceCenterX": 0.0,
      "Name": "ProceduralFaceKeyFrame",
      "faceScaleY": 0.3381009408510185,
      "faceScaleX": 1.156723141670227,
      "rightEye": [
        -10.206374107265454,
        0.0,
        1.284495609476205,
        0.9052803931751328,
        0.0,
        0.12161771691736581,
        0.12161771691736581,
        0.12161771691736581,
        0.12161771691736581,
        0.12161771691736581,
        0.12161771691736581,
        0.12161771691736581,
        0.12161771691736581,
        0.0,
        0.0,
        0.0,
        0.0,
        0.0,
        0.0
      ],
      "triggerTime_ms": 2475,
      "faceAngle": 0.0,
      "leftEye": [
        9.169666010979592,
        0.0,
        1.2754337752789116,
        0.905801321688557,
        0.0,
        0.12161771691736581,
        0.12161771691736581,
        0.12161771691736581,
        0.12161771691736581,
        0.12161771691736581,
        0.12161771691736581,
        0.12161771691736581,
        0.12161771691736581,
        0.0,
        0.0,
        0.0,
        0.0,
        0.0,
        0.0
      ]
    },
    {
      "durationTime_ms": 0,
      "faceCenterY": 0.0,
      "faceCenterX": 0.0,
      "Name": "ProceduralFaceKeyFrame",
      "faceScaleY": 1.0907078981399536,
      "faceScaleX": 1.0907078981399536,
      "rightEye": [
        -10.206374107265454,
        0.0,
        1.263830940318368,
        0.9312468705196011,
        0.0,
        0.5,
        0.5,
        0.5,
        0.5,
        0.5,
        0.5,
        0.5,
        0.5,
        0.0,
        0.0,
        0.0,
        0.0,
        0.0,
        0.0
      ],
      "triggerTime_ms": 2508,
      "faceAngle": 0.0,
      "leftEye": [
        9.169666010979592,
        0.0,
        1.2554861118507314,
        0.9317677990330253,
        0.0,
        0.5,
        0.5,
        0.5,
        0.5,
        0.5,
        0.5,
        0.5,
        0.5,
        0.0,
        0.0,
        0.0,
        0.0,
        0.0,
        0.0
      ]
    },
    {
      "durationTime_ms": 0,
      "faceCenterY": 0.0,
      "faceCenterX": 0.0,
      "Name": "ProceduralFaceKeyFrame",
      "faceScaleY": 1.118964433670044,
      "faceScaleX": 1.118964433670044,
      "rightEye": [
        -10.206374107265454,
        0.0,
        1.263830940318368,
        0.9312468705196011,
        0.0,
        0.5,
        0.5,
        0.5,
        0.5,
        0.5,
        0.5,
        0.5,
        0.5,
        0.0,
        0.0,
        0.0,
        0.0,
        0.0,
        0.0
      ],
      "triggerTime_ms": 2673,
      "faceAngle": 0.0,
      "leftEye": [
        9.169666010979592,
        0.0,
        1.2554861118507314,
        0.9317677990330253,
        0.0,
        0.5,
        0.5,
        0.5,
        0.5,
        0.5,
        0.5,
        0.5,
        0.5,
        0.0,
        0.0,
        0.0,
        0.0,
        0.0,
        0.0
      ]
    },
    {
      "durationTime_ms": 0,
      "faceCenterY": 0.0,
      "faceCenterX": 0.0,
      "Name": "ProceduralFaceKeyFrame",
      "faceScaleY": 1.0907078981399536,