{
  "anim_bouncer_wait_02": [
    {
      "durationTime_ms": 0,
      "faceCenterY": 0.0,
      "faceCenterX": 1.499720927838957e-05,
      "Name": "ProceduralFaceKeyFrame",
      "faceScaleY": 1.0,
      "faceScaleX": 1.0,
      "rightEye": [
        -10.201732008938116,
        -0.0002635172035973423,
        1.2220369777691873,
        0.9053266892864826,
        0.0,
        0.5,
        0.5,
        0.5,
        0.5,
        0.5,
        0.5,
        0.5,
        0.5,
        0.0,
        0.0,
        0.0,
        0.0,
        0.0,
        0.0
      ],
      "triggerTime_ms": 1683,
      "faceAngle": 0.0,
      "leftEye": [
        9.174789409971135,
        -4.6223320316646045e-06,
        1.214332921016245,
        0.9052661931073658,
        0.0,
        0.5001567108446352,
        0.5001567108446352,
        0.5001567108446352,
        0.5001567108446352,
        0.5001567108446352,
        0.5001567108446352,
        0.5001567108446352,
        0.5001567108446352,
        0.0,
        0.0,
        0.0,
        0.0,
        0.0,
        0.0
      ]
    },
    {
      "durationTime_ms": 0,
      "faceCenterY": 0.4222829147164476,
      "faceCenterX": 1.3895063629186503e-05,
      "Name": "ProceduralFaceKeyFrame",
      "faceScaleY": 1.0,
      "faceScaleX": 1.0,
      "rightEye": [
        -11.730702570080618,
        -0.0011280239261491742,
        1.2220369777691873,
        0.9041800824446682,
        0.0,
        0.5056892644891207,
        0.5056892644891207,
        0.5056892644891207,
        0.5056892644891207,
        0.5056892644891207,
        0.5056892644891207,
        0.5056892644891207,
        0.5056892644891207,
        0.0,
        0.0,
        0.0,
        0.0,
        0.0,
        0.0
      ],
      "triggerTime_ms": 1716,
      "faceAngle": 0.0,
      "leftEye": [
        7.886616370291955,
        -0.0682753202066643,
        1.214332921016245,
        0.9172798394811821,
        0.0,
        0.5001427272338752,
        0.5001427272338752,
        0.5001427272338752,
        0.5001427272338752,
        0.5001427272338752,
        0.5001427272338752,
        0.5001427272338752,
        0.5001427272338752,
        0.0,
        0.0,
        0.0,
        0.0,
        0.0,
        0.0
      ]
    },
    {
      "durationTime_ms": 0,
      "faceCenterY": 0.4222829147164476,
      "faceCenterX": 1.3895063629186503e-05,
      "Name": "ProceduralFaceKeyFrame",
      "faceScaleY": 1.0,
      "faceScaleX": 1.0,
      "rightEye": [
        -11.730702570080618,
        -0.0011280239261491742,
        1.2220369777691873,
        0.9041800824446682,
        0.0,
        0.5056892644891207,
        0.5056892644891207,
        0.5056892644891207,
        0.5056892644891207,
        0.5056892644891207,
        0.5056892644891207,
        0.5056892644891207,
        0.5056892644891207,
        0.0,
        0.0,
        0.0,
        0.0,
        0.0,
        0.0
      ],
      "triggerTime_ms": 2475,
      "faceAngle": 0.0,
      "leftEye": [
        7.886616370291955,
        -0.0682753202066643,
        1.214332921016245,
        0.9172798394811821,
        0.0,
        0.5001427272338752,
        0.5001427272338752,
        0.5001427272338752,
        0.5001427272338752,
        0.5001427272338752,
        0.5001427272338752,
        0.5001427272338752,
        0.5001427272338752,
        0.0,
        0.0,
        0.0,
        0.0,
        0.0,
        0.0
      ]
    },
    {
      "durationTime_ms": 0,
      "faceCenterY": 0.0,
      "faceCenterX": 0.0,
      "Name": "ProceduralFaceKeyFrame",
      "faceScaleY": 0.8773699991346712,
      "faceScaleX": 1.0647106170654297,
      "rightEye": [
        -10.206374107265454,
        0.0,
        1.2220369777691873,
        0.9052803931751328,
        0.0,
        0.4986595794152289,
        0.4986595794152289,
        0.4986595794152289,
        0.4986595794152289,
        0.4986595794152289,
        0.4986595794152289,
        0.4986595794152289,
        0.4986595794152289,
        0.0,
        0.0,
        0.0,
        0.0,
        0.0,
        0.0
      ],
      "triggerTime_ms": 2508,
      "faceAngle": 0.0,
      "leftEye": [
        9.169666010979592,
        0.0,
        1.214349090100568,
        0.9052908000741127,
        0.0,
        0.4986595794152289,
        0.4986595794152289,
        0.4986595794152289,
        0.4986595794152289,
        0.4986595794152289,
        0.4986595794152289,
        0.4986595794152289,
        0.4986595794152289,
        0.0,
        0.0,
        0.0,
        0.0,
        0.0,
        0.0
      ]
    },
    {
      "durationTime_ms": 0,
      "faceCenterY": 0.0,
      "faceCenterX": 0.0,
      "Name": "ProceduralFaceKeyFrame",
      "faceScaleY": 0.21516789605404202,
      "faceScaleX": 1.414148211479187,
      "rightEye": [
        -10.206374107265454,
        0.0,
        1.2220369777691873,
        0.9052803931751328,
        0.0,
        0.48977951431143557,
        0.48977951431143557,
        0.48977951431143557,
        0.48977951431143557,
        0.48977951431143557,
        0.48977951431143557,
        0.48977951431143557,
        0.48977951431143557,
        0.0,
        0.0,
        0.0,
        0.0,
        0.0,
        0.0
      ],
      "triggerTime_ms": 2541,
      "faceAngle": 0.0,
      "leftEye": [
        9.169666010979592,
        0.0,
        1.2144556247215756,
        0.9053593688944943,
        0.0,
        0.48977951431143557,
        0.48977951431143557,
        0.48977951431143557,
        0.48977951431143557,
        0.48977951431143557,
        0.48977951431143557,
        0.48977951431143557,
        0.48977951431143557,
        0.0,
        0.0,
        0.0,
        0.0,
        0.0,
        0.0
      ]
    },
    {
      "durationTime_ms": 0,
      "faceCenterY": 0.0,
      "faceCenterX": 0.0,
      "Name": "ProceduralFaceKeyFrame",
      "faceScaleY": 1.1805107593536377,
      "faceScaleX": 1.1805107593536377,
      "rightEye": [
        -10.206374107265454,
        0.0,
        1.2220369777691873,
        0.9052803931751328,
        0.0,
        0.4588483270981944,
        0.4588483270981944,
        0.4588483270981944,
        0.4588483270981944,
        0.4588483270981944,
        0.4588483270981944,
        0.4588483270981944,
        0.4588483270981944,
        0.0,
        0.0,
        0.0,
        0.0,
        0.0,
        0.0
      ],
      "triggerTime_ms": 2607,
      "faceAngle": 0.0,
      "leftEye": [
        9.169666010979592,
        0.0,
        1.2148272114351424,
        0.905598533049556,
        0.0,
        0.4588483270981944,
        0.4588483270981944,
        0.4588483270981944,
        0.4588483270981944,
        0.4588483270981944,
        0.4588483270981944,
        0.4588483270981944,
        0.4588483270981944,
        0.0,
        0.0,
        0.0,
        0.0,
        0.0,
        0.0
      ]
    },
    {
      "durationTime_ms": 0,
      "faceCenterY": 0.0,
      "faceCenterX": 0.0,
      "Name": "ProceduralFaceKeyFrame",
      "faceScaleY": 1.0417089462280273,
      "faceScaleX": 1.0417089462280273,
      "rightEye": [
        -10.206374107265454,
        0.0,
        1.2220369777691873,
        0.9052803931751328,
        0.0,
        0.42601637202704934,
        0.42601637202704934,
        0.42601637202704934,
        0.42601637202704934,
        0.42601637202704934,
        0.42601637202704934,
        0.42601637202704934,
        0.42601637202704934,
        0.0,
        0.0,
        0.0,
        0.0,
        0.0,
        0.0
      ],
      "triggerTime_ms": 2673,
      "faceAngle": 0.0,