{
  "anim_qa_sync_3_30_30": [
    {
      "angleVariability_deg": 0,
      "angle_deg": 0.0,
      "triggerTime_ms": 1980,
      "Name": "HeadAngleKeyFrame",
      "durationTime_ms": 957
    },
    {
      "Name": "ProceduralFaceKeyFrame",
      "faceScaleY": 1.0,
      "faceScaleX": 1.0,
      "faceAngle": 0.0,
      "leftEye": [
        9.169666010979592,
        0.0,
        -0.05202659832086454,
        0.09021410754417047,
        0.0,
        0.5,
        0.5,
        0.5,
        0.5,
        0.5,
        0.5,
        0.5,
        0.5,
        0.0,
        0.0,
        0.0,
        0.0,
        0.0,
        0.0
      ],
      "durationTime_ms": 0,
      "faceCenterY": 0.0,
      "faceCenterX": 0.0,
      "rightEye": [
        -10.206374107265454,
        0.0,
        -0.08984102931262306,
        0.09021410754417047,
        0.0,
        0.5,
        0.5,
        0.5,
        0.5,
        0.5,
        0.5,
        0.5,
        0.5,
        0.0,
        0.0,
        0.0,
        0.0,
        0.0,
        0.0
      ],
      "triggerTime_ms": 0
    },
    {
      "Name": "ProceduralFaceKeyFrame",
      "faceScaleY": 1.0,
      "faceScaleX": 1.0,
      "faceAngle": 0.0,
      "leftEye": [
        9.169666010979592,
        0.0,
        -0.05202659832086454,
        0.09021410754417047,
        0.0,
        0.5,
        0.5,
        0.5,
        0.5,
        0.5,
        0.5,
        0.5,
        0.5,
        0.0,
        0.0,
        0.0,
        0.0,
        0.0,
        0.0
      ],
      "durationTime_ms": 0,
      "faceCenterY": 0.0,
      "faceCenterX": 0.0,
      "rightEye": [
        -10.206374107265454,
        0.0,
        -0.08984102931262306,
        0.09021410754417047,
        0.0,
        0.5,
        0.5,
        0.5,
        0.5,
        0.5,
        0.5,
        0.5,
        0.5,
        0.0,
        0.0,
        0.0,
        0.0,
        0.0,
        0.0
      ],
      "triggerTime_ms": 957
    },
    {
      "Name": "ProceduralFaceKeyFrame",
      "faceScaleY": 1.2624856233596802,
      "faceScaleX": 1.2624856233596802,
      "faceAngle": 0.0,
      "leftEye": [
        9.169666010979592,
        0.0,
        2.0231484563724207,
        1.425857865968068,
        0.0,
        0.5,
        0.5,
        0.5,
        0.5,
        0.5,
        0.5,
        0.5,
        0.5,
        0.0,
        0.0,
        0.0,
        0.0,
        0.0,
        0.0
      ],
      "durationTime_ms": 0,
      "faceCenterY": 0.0,
      "faceCenterX": 0.0,
      "rightEye": [
        -10.206374107265454,
        0.0,
        2.0599248576129945,
        1.425857865968068,
        0.0,
        0.5,
        0.5,
        0.5,
        0.5,
        0.5,
        0.5,
        0.5,
        0.5,
        0.0,
        0.0,
        0.0,
        0.0,
        0.0,
        0.0
      ],
      "triggerTime_ms": 990
    },
    {
      "Name": "ProceduralFaceKeyFrame",
      "faceScaleY": 1.2624856233596802,
      "faceScaleX": 1.2624856233596802,
      "faceAngle": 0.0,
      "leftEye": [
        9.169666010979592,
        0.0,
        2.0231484563724207,
        1.425857865968068,
        0.0,
        0.5,
        0.5,
        0.5,
        0.5,
        0.5,
        0.5,
        0.5,
        0.5,
        0.0,
        0.0,
        0.0,
        0.0,
        0.0,
        0.0
      ],
      "durationTime_ms": 0,
      "faceCenterY": 0.0,
      "faceCenterX": 0.0,
      "rightEye": [
        -10.206374107265454,
        0.0,
        2.0599248576129945,
        1.425857865968068,
        0.0,
        0.5,
        0.5,
        0.5,
        0.5,
        0.5,
        0.5,
        0.5,
        0.5,
        0.0,
        0.0,
        0.0,
        0.0,
        0.0,
        0.0
      ],
      "triggerTime_ms": 1980
    },
    {
      "Name": "ProceduralFaceKeyFrame",
      "faceScaleY": 1.0,
      "faceScaleX": 1.0,
      "faceAngle": 0.0,
      "leftEye": [
        9.169666010979592,
        0.0,
        -0.05202659832086454,
        0.09021410754417047,
        0.0,
        0.5,
        0.5,
        0.5,
        0.5,
        0.5,
        0.5,
        0.5,
        0.5,
        0.0,
        0.0,
        0.0,
        0.0,
        0.0,
        0.0
      ],
      "durationTime_ms": 0,
      "faceCenterY": 0.0,
      "faceCenterX": 0.0,
      "rightEye": [
        -10.206374107265454,
        0.0,
        -0.08984102931262306,
        0.09021410754417047,
        0.0,
        0.5,
        0.5,
        0.5,
        0.5,
        0.5,
        0.5,
        0.5,
        0.5,
        0.0,
        0.0,
        0.0,
        0.0,
        0.0,
        0.0
      ],
      "triggerTime_ms": 2013
    },
    {
      "Name": "ProceduralFaceKeyFrame",
      "faceScaleY": 1.0,
      "faceScaleX": 1.0,
      "faceAngle": 0.0,
      "leftEye": [
        9.169666010979592,
        0.0,
        -0.05202659832086454,
        0.09021410754417047,
        0.0,
        0.5,
        0.5,
        0.5,
        0.5,
        0.5,
        0.5,
        0.5,
        0.5,
        0.0,
        0.0,
        0.0,
        0.0,
        0.0,
        0.0
      ],
      "durationTime_ms": 0,
      "faceCenterY": 0.0,
      "faceCenterX": 0.0,
      "rightEye": [
        -10.206374107265454,
        0.0,
        -0.08984102931262306,
        0.09021410754417047,
        0.0,
        0.5,
        0.5,
        0.5,
        0.5,
        0.5,
        0.5,
        0.5,
        0.5,
        0.0,
        0.0,
        0.0,
        0.0,
        0.0,
        0.0
      ],
      "triggerTime_ms": 2937
    },
    {
      "Name": "ProceduralFaceKeyFrame",
      "faceScaleY": 1.2624856233596802,
      "faceScaleX": 1.2624856233596802,
      "faceAngle": 0.0,
      "leftEye": [
        9.169666010979592,
        0.0,
        2.0231484563724207,
        1.425857865968068,
        0.0,
        0.5,
        0.5,
        0.5,
        0.5,
        0.5,
        0.5,
        0.5,
        0.5,
        0.0,
        0.0,
        0.0,
        0.0,
        0.0,
        0.0
      ],
      "durationTime_ms": 0,
      "faceCenterY": 0.0,
      "faceCenterX": 0.0,
      "rightEye": [
        -10.206374107265454,
        0.0,
        2.0599248576129945,
        1.425857865968068,
        0.0,
        0.5,
        0.5,
        0.5,
        0.5,
        0.5,
        0.5,
        0.5,
        0.5,
        0.0,
        0.0,
        0.0,
        0.0,
        0.0,
        0.0
      ],
      "triggerTime_ms": 2970
    },
    {
      "Name": "ProceduralFaceKeyFrame",
      "faceScaleY": 1.2624856233596802,
      "faceScaleX": 1.2624856233596802,
      "faceAngle": 0.0,
      "leftEye": [
        9.169666010979592,
        0.0,
        2.0231484563724207,
        1.425857865968068,
        0.0,
        0.5,
        0.5,
        0.5,
        0.5,
        0.5,
        0.5,
        0.5,
        0.5,
        0.0,
        0.0,
        0.0,
        0.0,
        0.0,
        0.0
      ],
      "durationTime_ms": 0,
      "faceCenterY": 0.0,
      "faceCenterX": 0.0,
      "rightEye": [
        -10.206374107265454,
        0.0,
        2.0599248576129945,
        1.425857865968068,
        0.0,
        0.5,
        0.5,
        0.5,
        0.5,
        0.5,
        0.5,
        0.5,
        0.5,
        0.0,
        0.0,
        0.0,
        0.0,
        0.0,
        0.0
      ],
      "triggerTime_ms": 3960
    },
    {
      "Name": "ProceduralFaceKeyFrame",
      "faceScaleY": 1.0,
      "faceScaleX": 1.0,
      "faceAngle": 0.0,
      "leftEye": [
        9.169666010979592,
        0.0,
        -0.05202659832086454,
        0.09021410754417047,
        0.0,
        0.5,
        0.5,
        0.5,
        0.5,
        0.5,
        0.5,
        0.5,
        0.5,
        0.0,
        0.0,
        0.0,
        0.0,
        0.0,
        0.0
      ],
      "durationTime_ms": 0,
      "faceCenterY": 0.0,
      "faceCenterX": 0.0,