{
  "anim_mm_newidea": [
    {
      "Name": "ProceduralFaceKeyFrame",
      "faceScaleY": 1.0,
      "faceScaleX": 1.0,
      "faceAngle": 0.0,
      "leftEye": [
        9.169666010979592,
        0.0,
        1.214332921016245,
        0.9052803931751328,
        0.0,
        0.5,
        0.5,
        0.6075667721771865,
        0.6075667721771865,
        0.6075667721771865,
        0.6075667721771865,
        0.5,
        0.5,
        0.08579920059051982,
        0.0,
        0.0,
        0.5393724359726544,
        0.0,
        0.0
      ],
      "durationTime_ms": 0,
      "faceCenterY": 4.415130517984381,
      "faceCenterX": 0.0,
      "rightEye": [
        -10.206374107265454,
        -1.9095634660620777,
        1.2220369777691873,
        0.6848137396723359,
        0.0,
        0.5,
        0.5,
        0.6075667721771865,
        0.6075667721771865,
        0.6075667721771865,
        0.6075667721771865,
        0.5,
        0.5,
        0.0857985500031424,
        0.0,
        0.0,
        0.5237428960402453,
        0.0,
        0.0
      ],
      "triggerTime_ms": 0
    },
    {
      "Name": "ProceduralFaceKeyFrame",
      "faceScaleY": 0.8361869445942713,
      "faceScaleX": 1.0,
      "faceAngle": 0.0,
      "leftEye": [
        9.169666010979592,
        0.0,
        1.4796240770345344,
        0.9052803931751328,
        0.0,
        0.5,
        0.5,
        0.6075667721771865,
        0.6075667721771865,
        0.6075667721771865,
        0.6075667721771865,
        0.5,
        0.5,
        0.08579920059051982,
        0.0,
        0.0,
        0.5393724359726544,
        0.0,
        0.0
      ],
      "durationTime_ms": 0,
      "faceCenterY": 4.415130517984381,
      "faceCenterX": 0.0,
      "rightEye": [
        -10.206374107265454,
        -1.9095634660620777,
        1.496863851058541,
        0.6848137396723359,
        0.0,
        0.5,
        0.5,
        0.6075667721771865,
        0.6075667721771865,
        0.6075667721771865,
        0.6075667721771865,
        0.5,
        0.5,
        0.0857985500031424,
        0.0,
        0.0,
        0.5237428960402453,
        0.0,
        0.0
      ],
      "triggerTime_ms": 33
    },
    {
      "Name": "ProceduralFaceKeyFrame",
      "faceScaleY": 1.0,
      "faceScaleX": 1.0,
      "faceAngle": 0.0,
      "leftEye": [
        9.169666010979592,
        0.0,
        3.273497781907883,
        0.16985888352331813,
        0.0,
        0.01,
        0.01,
        0.01,
        0.01,
        0.01,
        0.01,
        0.01,
        0.01,
        0.0,
        0.0,
        0.0,
        0.0,
        0.0,
        0.0
      ],
      "durationTime_ms": 0,
      "faceCenterY": 10.173324091206839,
      "faceCenterX": 0.0,
      "rightEye": [
        -10.206374107265454,
        0.0,
        3.3552171957995593,
        0.16985888352331813,
        0.0,
        0.01,
        0.01,
        0.01,
        0.01,
        0.01,
        0.01,
        0.01,
        0.01,
        0.0,
        0.0,
        0.0,
        0.0,
        0.0,
        0.0
      ],
      "triggerTime_ms": 66
    },
    {
      "Name": "ProceduralFaceKeyFrame",
      "faceScaleY": 1.138314127922058,
      "faceScaleX": 1.138314127922058,
      "faceAngle": 0.0,
      "leftEye": [
        9.169666010979592,
        0.0,
        1.3474910735321692,
        1.0995641606521271,
        0.0,
        0.535944369936658,
        0.535944369936658,
        0.5,
        0.5,
        0.7397288866013128,
        0.7397288866013128,
        0.535944369936658,
        0.535944369936658,
        0.0,
        0.0,
        0.0,
        0.0,
        0.0,
        0.0
      ],
      "durationTime_ms": 0,
      "faceCenterY": -0.41734533941245633,
      "faceCenterX": 0.0,
      "rightEye": [
        -10.206374107265454,
        0.0,
        1.3599814130902415,
        1.0995641606521271,
        0.0,
        0.535944369936658,
        0.535944369936658,
        0.5,
        0.5,
        0.7397288866013128,
        0.7397288866013128,
        0.535944369936658,
        0.535944369936658,
        0.0,
        0.0,
        0.0,
        0.0,
        0.0,
        0.0
      ],
      "triggerTime_ms": 165
    },
    {
      "Name": "ProceduralFaceKeyFrame",
      "faceScaleY": 1.0475661754608154,
      "faceScaleX": 1.0475661754608154,
      "faceAngle": 0.0,
      "leftEye": [
        9.169666010979592,
        0.0,
        1.2601260346198198,
        0.9720946298409103,
        0.0,
        0.5123612759015259,
        0.5123612759015259,
        0.5,
        0.5,
        0.582442766839911,
        0.582442766839911,
        0.5123612759015259,
        0.5123612759015259,
        0.0,
        0.0,
        0.0,
        0.0,
        0.0,
        0.0
      ],
      "durationTime_ms": 0,
      "faceCenterY": -0.14352509517436005,
      "faceCenterX": 0.0,
      "rightEye": [
        -10.206374107265454,
        0.0,
        1.2694760949261783,
        0.9720946298409103,
        0.0,
        0.5123612759015259,
        0.5123612759015259,
        0.5,
        0.5,
        0.582442766839911,
        0.582442766839911,
        0.5123612759015259,
        0.5123612759015259,
        0.0,
        0.0,
        0.0,
        0.0,
        0.0,
        0.0
      ],
      "triggerTime_ms": 264
    },
    {
      "Name": "ProceduralFaceKeyFrame",
      "faceScaleY": 1.0475661754608154,
      "faceScaleX": 1.0475661754608154,
      "faceAngle": 0.0,
      "leftEye": [
        9.169666010979592,
        0.0,
        1.2601260346198198,
        0.9720946298409103,
        0.0,
        0.5123612759015259,
        0.5123612759015259,
        0.5,
        0.5,
        0.582442766839911,
        0.582442766839911,
        0.5123612759015259,
        0.5123612759015259,
        0.0,
        0.0,
        0.0,
        0.0,
        0.0,
        0.0
      ],
      "durationTime_ms": 0,
      "faceCenterY": -0.14352509517436005,
      "faceCenterX": 0.0,
      "rightEye": [
        -10.206374107265454,
        0.0,
        1.2694760949261783,
        0.9720946298409103,
        0.0,
        0.5123612759015259,
        0.5123612759015259,
        0.5,
        0.5,
        0.582442766839911,
        0.582442766839911,
        0.5123612759015259,
        0.5123612759015259,
        0.0,
        0.0,
        0.0,
        0.0,
        0.0,
        0.0
      ],
      "triggerTime_ms": 660
    },
    {
      "Name": "ProceduralFaceKeyFrame",
      "faceScaleY": 1.0475661754608154,
      "faceScaleX": 1.0475661754608154,
      "faceAngle": 0.0,
      "leftEye": [
        9.169666010979592,
        0.0,
        1.2601260346198198,
        0.9720946298409103,
        0.0,
        0.5123612759015259,
        0.5123612759015259,
        0.5,
        0.5,
        0.582442766839911,
        0.582442766839911,
        0.5123612759015259,
        0.5123612759015259,
        0.0,
        0.0,
        0.0,
        0.0,
        0.0,
        0.0
      ],
      "durationTime_ms": 0,
      "faceCenterY": -0.14352509517436005,
      "faceCenterX": 2.815675943003397,
      "rightEye": [
        -10.206374107265454,
        0.0,
        1.2694760949261783,
        0.9720946298409103,
        0.0,
        0.5123612759015259,
        0.5123612759015259,
        0.5,
        0.5,
        0.582442766839911,
        0.582442766839911,
        0.5123612759015259,
        0.5123612759015259,
        0.0,
        0.0,
        0.0,
        0.0,
        0.0,
        0.0
      ],
      "triggerTime_ms": 726
    },
    {
      "Name": "ProceduralFaceKeyFrame",
      "faceScaleY": 1.0475661754608154,
      "faceScaleX": 1.0475661754608154,
      "faceAngle": 0.0,