{
  "anim_mm_thinking": [
    {
      "angleVariability_deg": 0,
      "angle_deg": -7.301501274108886,
      "triggerTime_ms": 0,
      "Name": "HeadAngleKeyFrame",
      "durationTime_ms": 330
    },
    {
      "Name": "ProceduralFaceKeyFrame",
      "faceScaleY": 1.0,
      "faceScaleX": 1.0,
      "faceAngle": 0.0,
      "leftEye": [
        9.169666010979592,
        0.0,
        1.214332921016245,
        0.9052803931751328,
        0.0,
        0.5,
        0.5,
        0.6075667721771865,
        0.6075667721771865,
        0.6075667721771865,
        0.6075667721771865,
        0.5,
        0.5,
        0.08579920059051982,
        0.0,
        0.0,
        0.5393724359726544,
        0.0,
        0.0
      ],
      "durationTime_ms": 0,
      "faceCenterY": 4.415130517984381,
      "faceCenterX": 0.0,
      "rightEye": [
        -10.206374107265454,
        -1.9095634660620777,
        1.2220369777691873,
        0.6848137396723359,
        0.0,
        0.5,
        0.5,
        0.6075667721771865,
        0.6075667721771865,
        0.6075667721771865,
        0.6075667721771865,
        0.5,
        0.5,
        0.0857985500031424,
        0.0,
        0.0,
        0.5237428960402453,
        0.0,
        0.0
      ],
      "triggerTime_ms": 0
    },
    {
      "Name": "ProceduralFaceKeyFrame",
      "faceScaleY": 1.0,
      "faceScaleX": 1.0,
      "faceAngle": 0.0,
      "leftEye": [
        9.169666010979592,
        0.0,
        1.214332921016245,
        0.9052803931751328,
        0.0,
        0.5,
        0.5,
        0.6075667721771865,
        0.6075667721771865,
        0.6075667721771865,
        0.6075667721771865,
        0.5,
        0.5,
        0.08579920059051982,
        0.0,
        0.0,
        0.5393724359726544,
        0.0,
        0.0
      ],
      "durationTime_ms": 0,
      "faceCenterY": 4.415130517984381,
      "faceCenterX": 0.0,
      "rightEye": [
        -10.206374107265454,
        -1.9095634660620777,
        1.2220369777691873,
        0.6848137396723359,
        0.0,
        0.5,
        0.5,
        0.6075667721771865,
        0.6075667721771865,
        0.6075667721771865,
        0.6075667721771865,
        0.5,
        0.5,
        0.0857985500031424,
        0.0,
        0.0,
        0.5237428960402453,
        0.0,
        0.0
      ],
      "triggerTime_ms": 330
    }
  ]
}