{
  "anim_cozmosays_speakloop_02": [
    {
      "durationTime_ms": 0,
      "faceCenterY": 0.0,
      "faceCenterX": 0.0038805255540995277,
      "Name": "ProceduralFaceKeyFrame",
      "faceScaleY": 1.0,
      "faceScaleX": 1.0,
      "rightEye": [
        -10.146319300278897,
        -0.00340923696614002,
        1.2220369777691873,
        0.9058795193220135,
        0.0,
        0.5,
        0.5,
        0.5,
        0.5,
        0.5,
        0.5,
        0.5,
        0.5,
        0.0,
        0.0,
        0.0,
        0.0,
        0.0,
        0.0
      ],
      "triggerTime_ms": 0,
      "faceAngle": 0.0,
      "leftEye": [
        9.235949943205009,
        -5.9801121954543454e-05,
        1.214332921016245,
        0.9052234470129576,
        0.0,
        0.5002889946223732,
        0.5002889946223732,
        0.5002889946223732,
        0.5002889946223732,
        0.5002889946223732,
        0.5002889946223732,
        0.5002889946223732,
        0.5002889946223732,
        0.0,
        0.0,
        0.0,
        0.0,
        0.0,
        0.0
      ]
    },
    {
      "durationTime_ms": 0,
      "faceCenterY": 0.0,
      "faceCenterX": 0.0038805255540995277,
      "Name": "ProceduralFaceKeyFrame",
      "faceScaleY": 1.0,
      "faceScaleX": 1.0,
      "rightEye": [
        -10.146319300278897,
        -0.00340923696614002,
        1.2220369777691873,
        0.9058795193220135,
        0.0,
        0.5,
        0.5,
        0.5,
        0.5,
        0.5,
        0.5,
        0.5,
        0.5,
        0.0,
        0.0,
        0.0,
        0.0,
        0.0,
        0.0
      ],
      "triggerTime_ms": 990,
      "faceAngle": 0.0,
      "leftEye": [
        9.235949943205009,
        -5.9801121954543454e-05,
        1.214332921016245,
        0.9052234470129576,
        0.0,
        0.5002889946223732,
        0.5002889946223732,
        0.5002889946223732,
        0.5002889946223732,
        0.5002889946223732,
        0.5002889946223732,
        0.5002889946223732,
        0.5002889946223732,
        0.0,
        0.0,
        0.0,
        0.0,
        0.0,
        0.0
      ]
    }
  ]
}