{
  "anim_sparking_driving_loop_03": [
    {
      "angleVariability_deg": 0,
      "angle_deg": -15.603174209594725,
      "triggerTime_ms": 1056,
      "Name": "HeadAngleKeyFrame",
      "durationTime_ms": 132
    },
    {
      "angleVariability_deg": 0,
      "angle_deg": -9.854762077331541,
      "triggerTime_ms": 1188,
      "Name": "HeadAngleKeyFrame",
      "durationTime_ms": 198
    },
    {
      "durationTime_ms": 0,
      "faceCenterY": -4.475495101457249,
      "faceCenterX": 0.0,
      "Name": "ProceduralFaceKeyFrame",
      "faceScaleY": 1.0,
      "faceScaleX": 1.0,
      "rightEye": [
        -10.206374107265454,
        0.0,
        1.2220369777691873,
        0.9052803931751328,
        0.0,
        0.5987844155915631,
        0.5987844155915631,
        0.5,
        0.5,
        0.5,
        0.5,
        0.5987844155915631,
        0.5987844155915631,
        0.5368757472397243,
        10.470264434814451,
        0.0,
        0.0,
        0.0,
        0.0
      ],
      "triggerTime_ms": 0,
      "faceAngle": 0.0,
      "leftEye": [
        9.169666010979592,
        1.3713094362974234,
        1.214332921016245,
        0.8535429812002064,
        0.0,
        0.5987844155915631,
        0.5987844155915631,
        0.5,
        0.5,
        0.5,
        0.5,
        0.5987844155915631,
        0.5987844155915631,
        0.5565916394259464,
        0.0,
        0.0,
        0.0,
        0.0,
        0.0
      ]
    },
    {
      "durationTime_ms": 0,
      "faceCenterY": -4.475495101457249,
      "faceCenterX": 0.0,
      "Name": "ProceduralFaceKeyFrame",
      "faceScaleY": 1.0,
      "faceScaleX": 1.0,
      "rightEye": [
        -10.206374107265454,
        0.0,
        1.2220369777691873,
        0.9052803931751328,
        0.0,
        0.5987844155915631,
        0.5987844155915631,
        0.5,
        0.5,
        0.5,
        0.5,
        0.5987844155915631,
        0.5987844155915631,
        0.5368757472397243,
        10.470264434814451,
        0.0,
        0.0,
        0.0,
        0.0
      ],
      "triggerTime_ms": 1089,
      "faceAngle": 0.0,
      "leftEye": [
        9.169666010979592,
        1.3713094362974234,
        1.214332921016245,
        0.8535429812002064,
        0.0,
        0.5987844155915631,
        0.5987844155915631,
        0.5,
        0.5,
        0.5,
        0.5,
        0.5987844155915631,
        0.5987844155915631,
        0.5565916394259464,
        0.0,
        0.0,
        0.0,
        0.0,
        0.0
      ]
    },
    {
      "durationTime_ms": 0,
      "faceCenterY": -3.4059685217121793,
      "faceCenterX": 0.0,
      "Name": "ProceduralFaceKeyFrame",
      "faceScaleY": 1.0,
      "faceScaleX": 1.019537329673767,
      "rightEye": [
        -10.206374107265454,
        0.0,
        1.2403223255652491,
        0.9052803931751328,
        0.0,
        0.5487569565500117,
        0.5487569565500117,
        0.4582960039631195,
        0.4582960039631195,
        0.4582960039631195,
        0.4582960039631195,
        0.5487569565500117,
        0.5487569565500117,
        0.5662390330107343,
        6.149752616882323,
        0.0,
        0.0,
        0.0,
        0.0
      ],
      "triggerTime_ms": 1122,
      "faceAngle": 0.0,
      "leftEye": [
        9.169666010979592,
        1.3713094362974234,
        1.2319838188216587,
        0.8535429812002064,
        0.0,
        0.5487569565500117,
        0.5487569565500117,
        0.4582960039631195,
        0.4582960039631195,
        0.4582960039631195,
        0.4582960039631195,
        0.5487569565500117,
        0.5487569565500117,
        0.6019871204387135,
        0.0,
        0.0,
        0.0,
        0.0,
        0.0
      ]
    },
    {
      "durationTime_ms": 0,
      "faceCenterY": -1.861096490317297,
      "faceCenterX": 1.919570130765313,
      "Name": "ProceduralFaceKeyFrame",
      "faceScaleY": 1.0,
      "faceScaleX": 1.128637433052063,
      "rightEye": [
        -10.206374107265454,
        0.0,
        1.3418701427017858,
        0.9052803931751328,
        0.0,
        0.27092886442459446,
        0.27092886442459446,
        0.22669247879760693,
        0.22669247879760693,
        0.22669247879760693,
        0.22669247879760693,
        0.27092886442459446,
        0.27092886442459446,
        0.7293083040926464,
        0.0,
        0.0,
        0.0,
        0.0,
        0.0
      ],
      "triggerTime_ms": 1155,
      "faceAngle": 0.0,
      "leftEye": [
        9.169666010979592,
        1.3713094362974234,
        1.3300082131392257,
        0.8535429812002064,
        0.0,
        0.27092886442459446,
        0.27092886442459446,
        0.22669247879760693,
        0.22669247879760693,
        0.22669247879760693,
        0.22669247879760693,
        0.27092886442459446,
        0.27092886442459446,
        0.6980882912853854,
        0.0,
        0.0,
        0.0,
        0.0,
        0.0
      ]
    },
    {
      "durationTime_ms": 0,
      "faceCenterY": -3.5492293807192357,
      "faceCenterX": 1.919570130765313,
      "Name": "ProceduralFaceKeyFrame",
      "faceScaleY": 1.0,
      "faceScaleX": 1.0857583284378052,
      "rightEye": [
        -10.206374107265454,
        0.0,
        1.2335567813165798,
        0.9052803931751328,
        0.0,
        0.5672671270158496,
        0.5672671270158496,
        0.4737264762576536,
        0.4737264762576536,
        0.4737264762576536,
        0.4737264762576536,
        0.5672671270158496,
        0.5672671270158496,
        0.6042856107530485,
        7.834692478179931,
        0.0,
        0.0,
        0.0,
        0.0
      ],
      "triggerTime_ms": 1221,
      "faceAngle": 0.0,
      "leftEye": [
        9.169666010979592,
        1.3713094362974234,
        1.225453019874745,
        0.8535429812002064,
        0.0,
        0.5672671270158496,
        0.5672671270158496,
        0.4737264762576536,
        0.4737264762576536,
        0.4737264762576536,
        0.4737264762576536,
        0.5672671270158496,
        0.5672671270158496,
        0.5851907866311192,
        0.0,
        0.0,
        0.0,
        0.0,
        0.0
      ]
    },
    {
      "durationTime_ms": 0,
      "faceCenterY": -4.475495101457249,
      "faceCenterX": 1.919570130765313,
      "Name": "ProceduralFaceKeyFrame",
      "faceScaleY": 1.0,
      "faceScaleX": 1.0,
      "rightEye": [
        -10.206374107265454,
        0.0,
        1.2220369777691873,
        0.9052803931751328,
        0.0,
        0.5987844155915631,
        0.5987844155915631,
        0.5,
        0.5,
        0.5,
        0.5,
        0.5987844155915631,
        0.5987844155915631,
        0.4561496507814019,
        13.993562698364256,
        0.0,
        0.0,
        0.0,
        0.0
      ],
      "triggerTime_ms": 1353,
      "faceAngle": 0.0,
      "leftEye": [
        9.169666010979592,
        1.3713094362974234,
        1.214332921016245,
        0.8535429812002064,
        0.0,
        0.5987844155915631,
        0.5987844155915631,
        0.5,
        0.5,
        0.5,
        0.5,
        0.5987844155915631,
        0.5987844155915631,
        0.5097924052235105,
        0.0,
        0.0,
        0.0,
        0.0,
        0.0
      ]
    },
    {
      "durationTime_ms": 0,
      "faceCenterY": -4.475495101457249,
      "faceCenterX": 1.919570130765313,
      "Name": "ProceduralFaceKeyFrame",
      "faceScaleY": 1.0,
      "faceScaleX": 1.0,
      "rightEye": [
        -10.206374107265454,
        0.0,
        1.2220369777691873,
        0.9052803931751328,
        0.0,
        0.5987844155915631,
        0.5987844155915631,
        0.5,
        0.5,
        0.5,
        0.5,
        0.5987844155915631,
        0.5987844155915631,
        0.4561496507814019,
        13.993562698364256,
        0.0,
        0.0,
        0.0,
        0.0
      ],
      "triggerTime_ms": 1980,
      "faceAngle": 0.0,