{
  "anim_repair_severe_fix_wheels_back_01": [
    {
      "angleVariability_deg": 0,
      "angle_deg": -8.312715530395508,
      "triggerTime_ms": 33,
      "Name": "HeadAngleKeyFrame",
      "durationTime_ms": 66
    },
    {
      "angleVariability_deg": 0,
      "angle_deg": 4.428514003753661,
      "triggerTime_ms": 99,
      "Name": "HeadAngleKeyFrame",
      "durationTime_ms": 99
    },
    {
      "Name": "ProceduralFaceKeyFrame",
      "faceScaleY": 1.0,
      "faceScaleX": 1.0,
      "faceAngle": 0.0,
      "leftEye": [
        9.270692844819559,
        -9.114636609177844e-05,
        1.214332921016245,
        0.9051936365967208,
        0.0,
        0.5004404542376513,
        0.5004404542376513,
        0.5004404542376513,
        0.5004404542376513,
        0.5004404542376513,
        0.5004404542376513,
        0.5004404542376513,
        0.5004404542376513,
        0.19347441783213493,
        -3.3073325157165527,
        0.0,
        0.47293239151767996,
        0.0,
        0.0
      ],
      "durationTime_ms": 0,
      "faceCenterY": 0.0,
      "faceCenterX": 0.0,
      "rightEye": [
        -10.114841196905054,
        -0.00519621588023994,
        1.2220369777691873,
        0.9061935742454352,
        0.0,
        0.5,
        0.5,
        0.5,
        0.5,
        0.5,
        0.5,
        0.5,
        0.5,
        0.16350731633268634,
        -9.400508880615234,
        0.0,
        0.458665874743298,
        0.0,
        0.0
      ],
      "triggerTime_ms": 0
    },
    {
      "Name": "ProceduralFaceKeyFrame",
      "faceScaleY": 1.0,
      "faceScaleX": 1.0905359983444214,
      "faceAngle": 0.0,
      "leftEye": [
        9.270692844819559,
        -9.114636609177844e-05,
        1.214332921016245,
        0.9051936365967208,
        0.0,
        0.5004404542376513,
        0.5004404542376513,
        0.5004404542376513,
        0.5004404542376513,
        0.5004404542376513,
        0.5004404542376513,
        0.5004404542376513,
        0.5004404542376513,
        0.19347441783213493,
        -3.3073325157165527,
        0.0,
        0.5165122426817081,
        0.0,
        0.0
      ],
      "durationTime_ms": 0,
      "faceCenterY": 1.884066831909266,
      "faceCenterX": -0.04095482027973005,
      "rightEye": [
        -10.114841196905054,
        -0.00519621588023994,
        1.2220369777691873,
        0.9061935742454352,
        0.0,
        0.5,
        0.5,
        0.5,
        0.5,
        0.5,
        0.5,
        0.5,
        0.5,
        0.16350731633268634,
        -9.400508880615234,
        0.0,
        0.5009311195765822,
        0.0,
        0.0
      ],
      "triggerTime_ms": 33
    },
    {
      "Name": "ProceduralFaceKeyFrame",
      "faceScaleY": 1.0,
      "faceScaleX": 1.0672721862792969,
      "faceAngle": 0.0,
      "leftEye": [
        9.270692844819559,
        -9.114636609177844e-05,
        1.214332921016245,
        0.9051936365967208,
        0.0,
        0.5004404542376513,
        0.5004404542376513,
        0.5004404542376513,
        0.5004404542376513,
        0.5004404542376513,
        0.5004404542376513,
        0.5004404542376513,
        0.5004404542376513,
        0.19347441783213493,
        -10.765192985534668,
        0.0,
        0.28380695046200144,
        0.0,
        0.0
      ],
      "durationTime_ms": 0,
      "faceCenterY": 0.0,
      "faceCenterX": 0.0,
      "rightEye": [
        -10.114841196905054,
        -0.00519621588023994,
        1.2220369777691873,
        0.9061935742454352,
        0.0,
        0.5,
        0.5,
        0.5,
        0.5,
        0.5,
        0.5,
        0.5,
        0.5,
        0.16350731633268634,
        -16.858369827270508,
        0.0,
        0.27524562361098626,
        0.0,
        0.0
      ],
      "triggerTime_ms": 99
    },
    {
      "Name": "ProceduralFaceKeyFrame",
      "faceScaleY": 1.0,
      "faceScaleX": 0.9198777669864164,
      "faceAngle": 0.0,
      "leftEye": [
        9.270692844819559,
        -9.114636609177844e-05,
        1.214332921016245,
        0.9051936365967208,
        0.0,
        0.5004404542376513,
        0.5004404542376513,
        0.5004404542376513,
        0.5004404542376513,
        0.5004404542376513,
        0.5004404542376513,
        0.5004404542376513,
        0.5004404542376513,
        0.17342906580600714,
        -12.546625137329102,
        0.0,
        0.32130113013394046,
        0.0,
        0.0
      ],
      "durationTime_ms": 0,
      "faceCenterY": 0.0,
      "faceCenterX": 0.0,
      "rightEye": [
        -10.114841196905054,
        -0.00519621588023994,
        1.2220369777691873,
        0.9061935742454352,
        0.0,
        0.5,
        0.5,
        0.5,
        0.5,
        0.5,
        0.5,
        0.5,
        0.5,
        0.14348665974310193,
        -18.639801025390625,
        0.0,
        0.3116087460214233,
        0.0,
        0.0
      ],
      "triggerTime_ms": 165
    },
    {
      "Name": "ProceduralFaceKeyFrame",
      "faceScaleY": 1.0,
      "faceScaleX": 1.0,
      "faceAngle": 0.0,
      "leftEye": [
        9.270692844819559,
        -9.114636609177844e-05,
        1.214332921016245,
        0.9051936365967208,
        0.0,
        0.5004404542376513,
        0.5004404542376513,
        0.5004404542376513,
        0.5004404542376513,
        0.5004404542376513,
        0.5004404542376513,
        0.5004404542376513,
        0.5004404542376513,
        0.19347441783213493,
        -3.3073325157165527,
        0.0,
        0.47293239151767996,
        0.0,
        0.0
      ],
      "durationTime_ms": 0,
      "faceCenterY": 0.0,
      "faceCenterX": 0.0,
      "rightEye": [
        -10.114841196905054,
        -0.00519621588023994,
        1.2220369777691873,
        0.9061935742454352,
        0.0,
        0.5,
        0.5,
        0.5,
        0.5,
        0.5,
        0.5,
        0.5,
        0.5,
        0.16350731633268634,
        -9.400508880615234,
        0.0,
        0.458665874743298,
        0.0,
        0.0
      ],
      "triggerTime_ms": 330
    },
    {
      "audioName": [
        "Play__Robot_Vo__Nurture_Repair_Down_Severe"
      ],
      "Name": "RobotAudioKeyFrame",
      "probability": [
        1.0
      ],
      "hasAlts": true,
      "volume": 1.0,
      "audioEventId": [
        1553453500
      ],
      "triggerTime_ms": 0.0
    },
    {
      "durationTime_ms": 66.0,
      "speed": -212.12121212121212,
      "triggerTime_ms": 33.0,
      "Name": "BodyMotionKeyFrame",
      "radius_mm": "STRAIGHT"
    },
    {
      "durationTime_ms": 33.0,
      "speed": -121.2121212121212,
      "triggerTime_ms": 99.0,
      "Name": "BodyMotionKeyFrame",
      "radius_mm": "STRAIGHT"
    },
    {
      "durationTime_ms": 66.0,
      "speed": 90.9090909090909,
      "triggerTime_ms": 132.0,
      "Name": "BodyMotionKeyFrame",
      "radius_mm": "STRAIGHT"
    },
    {
      "durationTime_ms": 33.0,
      "speed": 60.6060606060606,
      "triggerTime_ms": 198.0,
      "Name": "BodyMotionKeyFrame",
      "radius_mm": "STRAIGHT"
    },
    {
      "durationTime_ms": 66.0,
      "speed": 75.75757575757575,
      "triggerTime_ms": 231.0,
      "Name": "BodyMotionKeyFrame",
      "radius_mm": "STRAIGHT"
    },
    {
      "durationTime_ms": 33.0,
      "speed": 30.3030303030303,
      "triggerTime_ms": 297.0,
      "Name": "BodyMotionKeyFrame",
      "radius_mm": "STRAIGHT"
    }
  ]
}