{
  "anim_launch_blankscreen": [
    {
      "durationTime_ms": 0,
      "faceCenterY": 13.243277235624193,
      "faceCenterX": 0.0,
      "Name": "ProceduralFaceKeyFrame",
      "faceScaleY": 2.2351741985060514e-10,
      "faceScaleX": 2.2351741985060514e-10,
      "rightEye": [
        -31.652286262838086,
        52.68643347193029,
        -0.09115420358126847,
        0.08939818721199799,
        0.0,
        0.01,
        0.01,
        0.01,
        0.01,
        0.01,
        0.01,
        0.01,
        0.01,
        0.0,
        0.0,
        -0.5299821496009828,
        0.0,
        0.0,
        -0.6205475926399231
      ],
      "triggerTime_ms": 0,
      "faceAngle": 0.0,
      "leftEye": [
        31.166816413445286,
        53.59271852892426,
        -0.053294209120686276,
        0.08939818721199799,
        0.0,
        0.01,
        0.01,
        0.01,
        0.01,
        0.01,
        0.01,
        0.01,
        0.01,
        0.0,
        0.0,
        -0.917844831943512,
        0.0,
        0.0,
        -0.8401041626930237
      ]
    },
    {
      "durationTime_ms": 0,
      "faceCenterY": 13.243277235624193,
      "faceCenterX": 0.0,
      "Name": "ProceduralFaceKeyFrame",
      "faceScaleY": 2.2351741985060514e-10,
      "faceScaleX": 2.2351741985060514e-10,
      "rightEye": [
        -31.652286262838086,
        52.68643347193029,
        -0.09115420358126847,
        0.08939818721199799,
        0.0,
        0.01,
        0.01,
        0.01,
        0.01,
        0.01,
        0.01,
        0.01,
        0.01,
        0.0,
        0.0,
        -0.5299821496009828,
        0.0,
        0.0,
        -0.6205475926399231
      ],
      "triggerTime_ms": 660,
      "faceAngle": 0.0,
      "leftEye": [
        31.166816413445286,
        53.59271852892426,
        -0.053294209120686276,
        0.08939818721199799,
        0.0,
        0.01,
        0.01,
        0.01,
        0.01,
        0.01,
        0.01,
        0.01,
        0.01,
        0.0,
        0.0,
        -0.917844831943512,
        0.0,
        0.0,
        -0.8401041626930237
      ]
    }
  ]
}