{
  "anim_launch_eyeson_01": [
    {
      "angleVariability_deg": 0,
      "angle_deg": -19.999999999999996,
      "triggerTime_ms": 99,
      "Name": "HeadAngleKeyFrame",
      "durationTime_ms": 231
    },
    {
      "angleVariability_deg": 0,
      "angle_deg": -16.041000366210938,
      "triggerTime_ms": 330,
      "Name": "HeadAngleKeyFrame",
      "durationTime_ms": 165
    },
    {
      "durationTime_ms": 0,
      "faceCenterY": 13.243277235624193,
      "faceCenterX": 0.0,
      "Name": "ProceduralFaceKeyFrame",
      "faceScaleY": 1.0,
      "faceScaleX": 1.0,
      "rightEye": [
        -31.652286262838086,
        52.68643347193029,
        -0.08984102931262306,
        0.09021410754417047,
        0.0,
        0.9025423677804199,
        0.9025423677804199,
        0.9025423677804199,
        0.9025423677804199,
        0.9025423677804199,
        0.9025423677804199,
        0.9025423677804199,
        0.9025423677804199,
        0.0,
        0.0,
        0.0,
        0.0,
        0.0,
        0.0
      ],
      "triggerTime_ms": 0,
      "faceAngle": 0.0,
      "leftEye": [
        31.166816413445286,
        53.59271852892426,
        -0.05202659832086454,
        0.09021410754417047,
        0.0,
        0.9025423677804199,
        0.9025423677804199,
        0.9025423677804199,
        0.9025423677804199,
        0.9025423677804199,
        0.9025423677804199,
        0.9025423677804199,
        0.9025423677804199,
        0.0,
        0.0,
        0.0,
        0.0,
        0.0,
        0.0
      ]
    },
    {
      "durationTime_ms": 0,
      "faceCenterY": 13.243277235624193,
      "faceCenterX": 0.0,
      "Name": "ProceduralFaceKeyFrame",
      "faceScaleY": 1.0,
      "faceScaleX": 1.0,
      "rightEye": [
        -31.652286262838086,
        0.0,
        -0.08984102931262306,
        0.9052803931751328,
        0.0,
        0.9025423677804199,
        0.9025423677804199,
        0.9025423677804199,
        0.9025423677804199,
        0.9025423677804199,
        0.9025423677804199,
        0.9025423677804199,
        0.9025423677804199,
        0.8777452743535442,
        0.0,
        0.0,
        0.0,
        0.0,
        0.0
      ],
      "triggerTime_ms": 33,
      "faceAngle": 0.0,
      "leftEye": [
        31.166816413445286,
        0.0,
        -0.05202659832086454,
        0.9052803931751328,
        0.0,
        0.9025423677804199,
        0.9025423677804199,
        0.9025423677804199,
        0.9025423677804199,
        0.9025423677804199,
        0.9025423677804199,
        0.9025423677804199,
        0.9025423677804199,
        0.8763987770220484,
        0.0,
        0.0,
        0.0,
        0.0,
        0.0
      ]
    },
    {
      "durationTime_ms": 0,
      "faceCenterY": 13.243277235624193,
      "faceCenterX": 0.0,
      "Name": "ProceduralFaceKeyFrame",
      "faceScaleY": 1.0,
      "faceScaleX": 1.0,
      "rightEye": [
        -31.652286262838086,
        0.0,
        -0.000892316666565085,
        0.9052803931751328,
        0.0,
        0.26779196291311935,
        0.26779196291311935,
        0.26779196291311935,
        0.26779196291311935,
        0.26779196291311935,
        0.26779196291311935,
        0.26779196291311935,
        0.26779196291311935,
        0.8777452743535442,
        0.0,
        0.0,
        0.0,
        0.0,
        0.0
      ],
      "triggerTime_ms": 66,
      "faceAngle": 0.0,
      "leftEye": [
        31.166816413445286,
        0.0,
        0.03383584314830301,
        0.9052803931751328,
        0.0,
        0.26779196291311935,
        0.26779196291311935,
        0.26779196291311935,
        0.26779196291311935,
        0.26779196291311935,
        0.26779196291311935,
        0.26779196291311935,
        0.26779196291311935,
        0.8763987770220484,
        0.0,
        0.0,
        0.0,
        0.0,
        0.0
      ]
    },
    {
      "durationTime_ms": 0,
      "faceCenterY": 13.243277235624193,
      "faceCenterX": 0.0,
      "Name": "ProceduralFaceKeyFrame",
      "faceScaleY": 1.0,
      "faceScaleX": 1.0,
      "rightEye": [
        -30.138683865903907,
        0.0,
        0.13594565506103617,
        0.9052803931751328,
        0.0,
        0.06451763295829842,
        0.06451763295829842,
        0.06451763295829842,
        0.06451763295829842,
        0.06451763295829842,
        0.06451763295829842,
        0.06451763295829842,
        0.06451763295829842,
        0.8777452743535442,
        0.0,
        0.0,
        0.0,
        0.0,
        0.0
      ],
      "triggerTime_ms": 99,
      "faceAngle": 0.0,
      "leftEye": [
        29.564345851270655,
        0.0,
        0.1659259205502437,
        0.9052803931751328,
        0.0,
        0.06451763295829842,
        0.06451763295829842,
        0.06451763295829842,
        0.06451763295829842,
        0.06451763295829842,
        0.06451763295829842,
        0.06451763295829842,
        0.06451763295829842,
        0.8763987770220484,
        0.0,
        0.0,
        0.0,
        0.0,
        0.0
      ]
    },
    {
      "durationTime_ms": 0,
      "faceCenterY": 13.243277235624193,
      "faceCenterX": 0.0,
      "Name": "ProceduralFaceKeyFrame",
      "faceScaleY": 1.0,
      "faceScaleX": 1.0,
      "rightEye": [
        -20.828101216322366,
        0.0,
        0.8284697126978244,
        0.9052803931751328,
        0.0,
        0.01,
        0.01,
        0.01,
        0.01,
        0.01,
        0.01,
        0.01,
        0.01,
        0.8777452743535442,
        0.0,
        0.0,
        0.0,
        0.0,
        0.0
      ],
      "triggerTime_ms": 132,
      "faceAngle": 0.0,
      "leftEye": [
        19.761641092917547,
        0.0,
        0.8344213331981791,
        0.9052803931751328,
        0.0,
        0.01,
        0.01,
        0.01,
        0.01,
        0.01,
        0.01,
        0.01,
        0.01,
        0.8763987770220484,
        0.0,
        0.0,
        0.0,
        0.0,
        0.0
      ]
    },
    {
      "durationTime_ms": 0,
      "faceCenterY": 13.243277235624193,
      "faceCenterX": 0.0,
      "Name": "ProceduralFaceKeyFrame",
      "faceScaleY": 1.0,
      "faceScaleX": 1.0,
      "rightEye": [
        -10.890475708309063,
        0.0,
        0.9926370036194072,
        0.9052803931751328,
        0.0,
        0.01,
        0.01,
        0.2443586911622559,
        0.2443586911622559,
        0.2443586911622559,
        0.2443586911622559,
        0.01,
        0.01,
        0.8777452743535442,
        0.0,
        0.0,
        0.0,
        0.0,
        0.0
      ],
      "triggerTime_ms": 165,
      "faceAngle": 0.0,
      "leftEye": [
        9.834524153777972,
        0.0,
        0.9928924789695159,
        0.9052803931751328,
        0.0,
        0.01,
        0.01,
        0.2443586911622559,
        0.2443586911622559,
        0.2443586911622559,
        0.2443586911622559,
        0.01,
        0.01,
        0.8763987770220484,
        0.0,
        0.0,
        0.0,
        0.0,
        0.0
      ]
    },
    {
      "durationTime_ms": 0,
      "faceCenterY": 13.243277235624193,
      "faceCenterX": 0.0,
      "Name": "ProceduralFaceKeyFrame",
      "faceScaleY": 1.0,
      "faceScaleX": 1.0,
      "rightEye": [
        -10.206374107265454,
        0.0,
        0.9216110807471125,
        0.9052803931751328,
        0.0,
        0.4306806438176771,
        0.4306806438176771,
        0.5,
        0.5,
        0.5,
        0.5,
        0.4306806438176771,
        0.4306806438176771,
        0.8777452743535442,
        0.0,
        0.0,
        0.0,
        0.0,
        0.0
      ],
      "triggerTime_ms": 198,
      "faceAngle": 0.0,