{
  "anim_speedtap_lookatplayer": [
    {
      "angleVariability_deg": 0,
      "angle_deg": -4.817140579223633,
      "triggerTime_ms": 0,
      "Name": "HeadAngleKeyFrame",
      "durationTime_ms": 132
    },
    {
      "angleVariability_deg": 0,
      "angle_deg": -12.433046340942381,
      "triggerTime_ms": 495,
      "Name": "HeadAngleKeyFrame",
      "durationTime_ms": 165
    },
    {
      "durationTime_ms": 0,
      "faceCenterY": 16.147773987329405,
      "faceCenterX": 0.0,
      "Name": "ProceduralFaceKeyFrame",
      "faceScaleY": 0.4646624925891009,
      "faceScaleX": 0.8550546161179774,
      "rightEye": [
        -10.206374107265454,
        4.532263995714744,
        1.2220369777691873,
        0.6930756989638951,
        0.0,
        0.2038535989906569,
        0.5,
        0.14710620348985828,
        0.3587190055347407,
        0.22975558283656647,
        0.5644868075802698,
        0.26927499268787963,
        0.6628761419159304,
        0.11342773653240523,
        16.146017074584957,
        0.0,
        0.0,
        0.0,
        0.0
      ],
      "triggerTime_ms": 0,
      "faceAngle": 0.0,
      "leftEye": [
        7.80015369162299,
        0.0,
        1.3792622668330736,
        0.9052803931751328,
        0.0,
        0.2038535989906569,
        0.5,
        0.14710620348985828,
        0.3587190055347407,
        0.26008660986434734,
        0.6400003707744304,
        0.30494039847362325,
        0.5894597663203065,
        0.12667019689000092,
        33.12042617797851,
        0.0,
        0.0,
        0.0,
        0.0
      ]
    },
    {
      "durationTime_ms": 0,
      "faceCenterY": 3.9849758862945355,
      "faceCenterX": 0.0,
      "Name": "ProceduralFaceKeyFrame",
      "faceScaleY": 0.9176997536506689,
      "faceScaleX": 0.7918537250395267,
      "rightEye": [
        -10.206374107265454,
        2.2661223824112544,
        1.2220369777691873,
        0.79917850805802,
        0.0,
        0.714437903970996,
        0.714437903970996,
        0.714437903970996,
        0.714437903970996,
        0.714437903970996,
        0.714437903970996,
        0.714437903970996,
        0.714437903970996,
        0.0,
        0.0,
        0.0,
        0.0,
        0.0,
        0.0
      ],
      "triggerTime_ms": 66,
      "faceAngle": 0.0,
      "leftEye": [
        7.092386828904405,
        0.0,
        1.2967972158653152,
        0.9052803931751328,
        0.0,
        0.714437903970996,
        0.714437903970996,
        0.714437903970996,
        0.714437903970996,
        0.714437903970996,
        0.714437903970996,
        0.714437903970996,
        0.714437903970996,
        0.0,
        0.0,
        0.0,
        0.0,
        0.0,
        0.0
      ]
    },
    {
      "durationTime_ms": 0,
      "faceCenterY": -11.108878644131556,
      "faceCenterX": 0.0,
      "Name": "ProceduralFaceKeyFrame",
      "faceScaleY": 0.8010967365138426,
      "faceScaleX": 1.0,
      "rightEye": [
        -10.206374107265454,
        0.0,
        1.2220369777691873,
        0.9052803931751328,
        0.0,
        0.2038535989906569,
        0.5,
        0.14710620348985828,
        0.3587190055347407,
        0.22975558283656647,
        0.5644868075802698,
        0.26927499268787963,
        0.6628761419159304,
        0.0,
        0.0,
        0.0,
        0.0,
        0.0,
        0.0
      ],
      "triggerTime_ms": 99,
      "faceAngle": 0.0,
      "leftEye": [
        6.384626722613343,
        0.0,
        1.214332921016245,
        0.9052803931751328,
        0.0,
        0.2038535989906569,
        0.5,
        0.14710620348985828,
        0.3587190055347407,
        0.26008660986434734,
        0.6400003707744304,
        0.30494039847362325,
        0.5894597663203065,
        0.0,
        0.0,
        0.0,
        0.0,
        0.0,
        0.0
      ]
    },
    {
      "durationTime_ms": 0,
      "faceCenterY": -11.904968939942203,
      "faceCenterX": 0.0,
      "Name": "ProceduralFaceKeyFrame",
      "faceScaleY": 0.6917508237495794,
      "faceScaleX": 1.0335675477981567,
      "rightEye": [
        -10.206374107265454,
        0.0,
        1.2220369777691873,
        0.9052803931751328,
        0.0,
        0.2038535989906569,
        0.5,
        0.14710620348985828,
        0.3587190055347407,
        0.22975558283656647,
        0.5644868075802698,
        0.26927499268787963,
        0.6628761419159304,
        0.0,
        0.0,
        0.0,
        0.0,
        0.0,
        0.0
      ],
      "triggerTime_ms": 231,
      "faceAngle": 0.0,
      "leftEye": [
        6.384626722613343,
        0.0,
        1.214332921016245,
        0.9052803931751328,
        0.0,
        0.2038535989906569,
        0.5,
        0.14710620348985828,
        0.3587190055347407,
        0.26008660986434734,
        0.6400003707744304,
        0.30494039847362325,
        0.5894597663203065,
        0.0,
        0.0,
        0.0,
        0.0,
        0.0,
        0.0
      ]
    },
    {
      "durationTime_ms": 0,
      "faceCenterY": -11.993422959609825,
      "faceCenterX": 0.0,
      "Name": "ProceduralFaceKeyFrame",
      "faceScaleY": 0.6796013110196518,
      "faceScaleX": 1.0372973680496216,
      "rightEye": [
        -10.206374107265454,
        0.0,
        1.2220369777691873,
        0.9052803931751328,
        0.0,
        0.2038535989906569,
        0.5,
        0.14710620348985828,
        0.3587190055347407,
        0.22975558283656647,
        0.5644868075802698,
        0.26927499268787963,
        0.6628761419159304,
        0.0,
        0.0,
        0.0,
        0.0,
        0.0,
        0.0
      ],
      "triggerTime_ms": 264,
      "faceAngle": 0.0,
      "leftEye": [
        6.384626722613343,
        0.0,
        1.214332921016245,
        0.9052803931751328,
        0.0,
        0.2038535989906569,
        0.5,
        0.14710620348985828,
        0.3587190055347407,
        0.26008660986434734,
        0.6400003707744304,
        0.30494039847362325,
        0.5894597663203065,
        0.0,
        0.0,
        0.0,
        0.0,
        0.0,
        0.0
      ]
    },
    {
      "durationTime_ms": 0,
      "faceCenterY": -11.108878644131556,
      "faceCenterX": 0.0,
      "Name": "ProceduralFaceKeyFrame",
      "faceScaleY": 0.8010967365138426,
      "faceScaleX": 1.0,
      "rightEye": [
        -10.206374107265454,
        0.0,
        1.2220369777691873,
        0.9052803931751328,
        0.0,
        0.2038535989906569,
        0.5,
        0.14710620348985828,
        0.3587190055347407,
        0.22975558283656647,
        0.5644868075802698,
        0.26927499268787963,
        0.6628761419159304,
        0.0,
        0.0,
        0.0,
        0.0,
        0.0,
        0.0
      ],
      "triggerTime_ms": 396,
      "faceAngle": 0.0,
      "leftEye": [
        6.384626722613343,
        0.0,
        1.214332921016245,
        0.9052803931751328,
        0.0,
        0.2038535989906569,
        0.5,
        0.14710620348985828,
        0.3587190055347407,
        0.26008660986434734,
        0.6400003707744304,
        0.30494039847362325,
        0.5894597663203065,
        0.0,
        0.0,
        0.0,
        0.0,
        0.0,
        0.0
      ]
    },
    {
      "durationTime_ms": 0,
      "faceCenterY": -1.8573931724334758,
      "faceCenterX": 0.0,
      "Name": "ProceduralFaceKeyFrame",
      "faceScaleY": 1.0849461555480957,
      "faceScaleX": 0.6891929500313969,
      "rightEye": [
        -10.206374107265454,
        0.0,
        1.2220369777691873,
        0.9052803931751328,
        0.0,
        0.2038535989906569,
        0.5,
        0.14710620348985828,
        0.3587190055347407,
        0.22975558283656647,
        0.5644868075802698,
        0.26927499268787963,
        0.6628761419159304,
        0.1783474844988997,
        9.966596603393553,
        0.0,
        0.0,
        0.0,
        0.0
      ],
      "triggerTime_ms": 429,
      "faceAngle": 0.0,