{
  "anim_cozmosays_speakloop_01": [
    {
      "durationTime_ms": 0,
      "faceCenterY": 0.0,
      "faceCenterX": 0.0,
      "Name": "ProceduralFaceKeyFrame",
      "faceScaleY": 1.0,
      "faceScaleX": 1.0,
      "rightEye": [
        -10.206374107265454,
        0.0,
        1.2220369777691873,
        0.9052803931751328,
        0.0,
        0.5,
        0.5,
        0.5,
        0.5,
        0.5,
        0.5,
        0.5,
        0.5,
        0.0,
        0.0,
        0.0,
        0.0,
        0.0,
        0.0
      ],
      "triggerTime_ms": 0,
      "faceAngle": 0.0,
      "leftEye": [
        9.169666010979592,
        0.0,
        1.214332921016245,
        0.9052803931751328,
        0.0,
        0.5,
        0.5,
        0.5,
        0.5,
        0.5,
        0.5,
        0.5,
        0.5,
        0.0,
        0.0,
        0.0,
        0.0,
        0.0,
        0.0
      ]
    },
    {
      "durationTime_ms": 0,
      "faceCenterY": 0.0,
      "faceCenterX": 0.0,
      "Name": "ProceduralFaceKeyFrame",
      "faceScaleY": 1.0,
      "faceScaleX": 1.0,
      "rightEye": [
        -10.206374107265454,
        0.0,
        1.2220369777691873,
        0.9052803931751328,
        0.0,
        0.5,
        0.5,
        0.5,
        0.5,
        0.5,
        0.5,
        0.5,
        0.5,
        0.0,
        0.0,
        0.0,
        0.0,
        0.0,
        0.0
      ],
      "triggerTime_ms": 132,
      "faceAngle": 0.0,
      "leftEye": [
        9.169666010979592,
        0.0,
        1.214332921016245,
        0.9052803931751328,
        0.0,
        0.5,
        0.5,
        0.5,
        0.5,
        0.5,
        0.5,
        0.5,
        0.5,
        0.0,
        0.0,
        0.0,
        0.0,
        0.0,
        0.0
      ]
    },
    {
      "durationTime_ms": 0,
      "faceCenterY": 0.0,
      "faceCenterX": 0.21127129999882457,
      "Name": "ProceduralFaceKeyFrame",
      "faceScaleY": 1.0,
      "faceScaleX": 1.0,
      "rightEye": [
        -7.798034279538917,
        -0.13671886618240128,
        1.2220369777691873,
        0.9297500277597806,
        0.0,
        0.5,
        0.5,
        0.5,
        0.5,
        0.5,
        0.5,
        0.5,
        0.5,
        0.0,
        0.0,
        0.0,
        0.0,
        0.0,
        0.0
      ],
      "triggerTime_ms": 198,
      "faceAngle": 0.0,
      "leftEye": [
        11.82781013144426,
        -0.0018314520910329866,
        1.214332921016245,
        0.9029552293390282,
        0.0,
        0.511589286183451,
        0.511589286183451,
        0.511589286183451,
        0.511589286183451,
        0.511589286183451,
        0.511589286183451,
        0.511589286183451,
        0.511589286183451,
        0.0,
        0.0,
        0.0,
        0.0,
        0.0,
        0.0
      ]
    },
    {
      "durationTime_ms": 0,
      "faceCenterY": 0.0,
      "faceCenterX": 0.21127129999882457,
      "Name": "ProceduralFaceKeyFrame",
      "faceScaleY": 1.0,
      "faceScaleX": 1.1009595394134521,
      "rightEye": [
        -7.798034279538917,
        -0.13671886618240128,
        1.2413908989619669,
        0.8542346995697869,
        0.0,
        0.4476403153490374,
        0.4476403153490374,
        0.4476403153490374,
        0.4476403153490374,
        0.4476403153490374,
        0.4476403153490374,
        0.4476403153490374,
        0.4476403153490374,
        0.0,
        0.0,
        0.0,
        0.0,
        0.0,
        0.0
      ],
      "triggerTime_ms": 264,
      "faceAngle": 0.0,
      "leftEye": [
        11.82781013144426,
        -0.0018314520910329866,
        1.2330153157356472,
        0.8310546937423737,
        0.0,
        0.4573609606043102,
        0.4573609606043102,
        0.4573609606043102,
        0.4573609606043102,
        0.4573609606043102,
        0.4573609606043102,
        0.4573609606043102,
        0.4573609606043102,
        0.0,
        0.0,
        0.0,
        0.0,
        0.0,
        0.0
      ]
    },
    {
      "durationTime_ms": 0,
      "faceCenterY": 0.0,
      "faceCenterX": 0.21127129999882457,
      "Name": "ProceduralFaceKeyFrame",
      "faceScaleY": 1.0,
      "faceScaleX": 1.0091009140014648,
      "rightEye": [
        -7.798034279538917,
        -0.13671886618240128,
        1.2237816672630075,
        0.9229427486980626,
        0.0,
        0.4952800887122133,
        0.4952800887122133,
        0.4952800887122133,
        0.4952800887122133,
        0.4952800887122133,
        0.4952800887122133,
        0.4952800887122133,
        0.4952800887122133,
        0.0,
        0.0,
        0.0,
        0.0,
        0.0,
        0.0
      ],
      "triggerTime_ms": 330,
      "faceAngle": 0.0,
      "leftEye": [
        11.82781013144426,
        -0.0018314520910329866,
        1.2160170747059302,
        0.8964738223804147,
        0.0,
        0.506700922675158,
        0.506700922675158,
        0.506700922675158,
        0.506700922675158,
        0.506700922675158,
        0.506700922675158,
        0.506700922675158,
        0.506700922675158,
        0.0,
        0.0,
        0.0,
        0.0,
        0.0,
        0.0
      ]
    },
    {
      "durationTime_ms": 0,
      "faceCenterY": 0.0,
      "faceCenterX": 0.21127129999882457,
      "Name": "ProceduralFaceKeyFrame",
      "faceScaleY": 1.0,
      "faceScaleX": 1.0,
      "rightEye": [
        -7.798034279538917,
        -0.13671886618240128,
        1.2220369777691873,
        0.9297500277597806,
        0.0,
        0.5,
        0.5,
        0.5,
        0.5,
        0.5,
        0.5,
        0.5,
        0.5,
        0.0,
        0.0,
        0.0,
        0.0,
        0.0,
        0.0
      ],
      "triggerTime_ms": 462,
      "faceAngle": 0.0,
      "leftEye": [
        11.82781013144426,
        -0.0018314520910329866,
        1.214332921016245,
        0.9029552293390282,
        0.0,
        0.511589286183451,
        0.511589286183451,
        0.511589286183451,
        0.511589286183451,
        0.511589286183451,
        0.511589286183451,
        0.511589286183451,
        0.511589286183451,
        0.0,
        0.0,
        0.0,
        0.0,
        0.0,
        0.0
      ]
    },
    {
      "durationTime_ms": 0,
      "faceCenterY": 0.0,
      "faceCenterX": 0.21127129999882457,
      "Name": "ProceduralFaceKeyFrame",
      "faceScaleY": 1.0,
      "faceScaleX": 1.0,
      "rightEye": [
        -7.798034279538917,
        -0.13671886618240128,
        1.2220369777691873,
        0.9297500277597806,
        0.0,
        0.5,
        0.5,
        0.5,
        0.5,
        0.5,
        0.5,
        0.5,
        0.5,
        0.0,
        0.0,
        0.0,
        0.0,
        0.0,
        0.0
      ],
      "triggerTime_ms": 759,
      "faceAngle": 0.0,
      "leftEye": [
        11.82781013144426,
        -0.0018314520910329866,
        1.214332921016245,
        0.9029552293390282,
        0.0,
        0.511589286183451,
        0.511589286183451,
        0.511589286183451,
        0.511589286183451,
        0.511589286183451,
        0.511589286183451,
        0.511589286183451,
        0.511589286183451,
        0.0,
        0.0,
        0.0,
        0.0,
        0.0,
        0.0
      ]
    },
    {
      "durationTime_ms": 0,
      "faceCenterY": 0.0,
      "faceCenterX": 0.07681908972345725,
      "Name": "ProceduralFaceKeyFrame",
      "faceScaleY": 1.0,
      "faceScaleX": 1.040513515472412,
      "rightEye": [
        -9.448164242832043,
        -0.04304275182345128,
        1.258621449318519,
        0.7802473862061845,
        0.0,
        0.34521747526349617,
        0.34521747526349617,
        0.34521747526349617,
        0.34521747526349617,
        0.34521747526349617,
        0.34521747526349617,
        0.34521747526349617,
        0.34521747526349617,
        0.0,
        0.0,
        0.0,
        0.0,
        0.0,
        0.0
      ],
      "triggerTime_ms": 825,
      "faceAngle": 0.0,