{
  "anim_speedtap_getout_01": [
    {
      "durationTime_ms": 264,
      "triggerTime_ms": 99,
      "Name": "LiftHeightKeyFrame",
      "heightVariability_mm": 0,
      "height_mm": 0.0
    },
    {
      "angleVariability_deg": 0,
      "angle_deg": 0.0,
      "triggerTime_ms": 0,
      "Name": "HeadAngleKeyFrame",
      "durationTime_ms": 231
    },
    {
      "durationTime_ms": 0,
      "faceCenterY": 16.147773987329405,
      "faceCenterX": 0.0,
      "Name": "ProceduralFaceKeyFrame",
      "faceScaleY": 0.4646624925891009,
      "faceScaleX": 0.8550546161179774,
      "rightEye": [
        -10.206374107265454,
        4.532263995714744,
        1.2220369777691873,
        0.6930756989638951,
        0.0,
        0.2038535989906569,
        0.5,
        0.14710620348985828,
        0.3587190055347407,
        0.22975558283656647,
        0.5644868075802698,
        0.26927499268787963,
        0.6628761419159304,
        0.11342773653240523,
        16.146017074584957,
        0.0,
        0.0,
        0.0,
        0.0
      ],
      "triggerTime_ms": 0,
      "faceAngle": 0.0,
      "leftEye": [
        7.80015369162299,
        0.0,
        1.3792622668330736,
        0.9052803931751328,
        0.0,
        0.2038535989906569,
        0.5,
        0.14710620348985828,
        0.3587190055347407,
        0.26008660986434734,
        0.6400003707744304,
        0.30494039847362325,
        0.5894597663203065,
        0.12667019689000092,
        33.12042617797851,
        0.0,
        0.0,
        0.0,
        0.0
      ]
    },
    {
      "durationTime_ms": 0,
      "faceCenterY": 16.147773987329405,
      "faceCenterX": 0.0,
      "Name": "ProceduralFaceKeyFrame",
      "faceScaleY": 0.4646624925891009,
      "faceScaleX": 1.170003890991211,
      "rightEye": [
        -10.206374107265454,
        0.0,
        1.3511955042307482,
        0.48050107353518,
        0.0,
        0.2038535989906569,
        0.5,
        0.14710620348985828,
        0.3587190055347407,
        0.22975558283656647,
        0.5644868075802698,
        0.26927499268787963,
        0.6628761419159304,
        0.0,
        0.0,
        0.0,
        0.0,
        0.0,
        0.0
      ],
      "triggerTime_ms": 66,
      "faceAngle": 0.0,
      "leftEye": [
        7.80015369162299,
        0.0,
        1.5201608788414391,
        0.6179815097700043,
        0.0,
        0.2038535989906569,
        0.5,
        0.14710620348985828,
        0.3587190055347407,
        0.26008660986434734,
        0.6400003707744304,
        0.30494039847362325,
        0.5894597663203065,
        0.0,
        0.0,
        0.0,
        0.0,
        0.0,
        0.0
      ]
    },
    {
      "durationTime_ms": 0,
      "faceCenterY": 6.824946800348358,
      "faceCenterX": 0.0,
      "Name": "ProceduralFaceKeyFrame",
      "faceScaleY": 0.7737366548503417,
      "faceScaleX": 1.0598411560058594,
      "rightEye": [
        -10.206374107265454,
        0.0,
        1.267500658692913,
        0.740764924496375,
        0.0,
        0.37483207840715865,
        0.5,
        0.3508474716898336,
        0.44028679453992264,
        0.38577968215178526,
        0.5272557094433843,
        0.40248278085425704,
        0.5688405487379455,
        0.0,
        0.0,
        0.0,
        0.0,
        0.0,
        0.0
      ],
      "triggerTime_ms": 165,
      "faceAngle": 0.0,
      "leftEye": [
        8.590834081632119,
        0.0,
        1.333637341486377,
        0.8041515468593445,
        0.0,
        0.37483207840715865,
        0.5,
        0.3508474716898336,
        0.44028679453992264,
        0.3985992606928558,
        0.5591719144425085,
        0.41755696592917707,
        0.5378106804512122,
        0.0,
        0.0,
        0.0,
        0.0,
        0.0,
        0.0
      ]
    },
    {
      "durationTime_ms": 0,
      "faceCenterY": 3.460685693043644,
      "faceCenterX": 0.0,
      "Name": "ProceduralFaceKeyFrame",
      "faceScaleY": 1.0126736164093018,
      "faceScaleX": 1.052778720855713,
      "rightEye": [
        -10.979227315806165,
        0.0,
        1.3466303507482804,
        1.1118241678314371,
        0.0,
        0.4365318409725297,
        0.5,
        0.4243701115997674,
        0.4697215877437417,
        0.4420829805226276,
        0.513820409631883,
        0.4505525055987909,
        0.5349065736089891,
        0.0,
        0.0,
        0.0,
        0.0,
        0.0,
        0.0
      ],
      "triggerTime_ms": 231,
      "faceAngle": 0.0,
      "leftEye": [
        8.879298403489083,
        0.419392153893476,
        1.3495601118976734,
        0.9824685574305931,
        0.0,
        0.4365318409725297,
        0.5,
        0.4243701115997674,
        0.4697215877437417,
        0.4485833240541459,
        0.5300039314770508,
        0.45819611259813486,
        0.5191724153906065,
        0.0,
        0.0,
        0.0,
        0.0,
        0.0,
        0.0
      ]
    },
    {
      "durationTime_ms": 0,
      "faceCenterY": 0.0,
      "faceCenterX": 0.0,
      "Name": "ProceduralFaceKeyFrame",
      "faceScaleY": 1.0520143508911133,
      "faceScaleX": 1.0520143508911133,
      "rightEye": [
        -13.18739811165609,
        0.0,
        1.2012739204607334,
        0.9849369377035941,
        0.0,
        0.5,
        0.5,
        0.5,
        0.5,
        0.5,
        0.5,
        0.5,
        0.5,
        0.0,
        0.0,
        0.0,
        0.0,
        0.0,
        0.0
      ],
      "triggerTime_ms": 363,
      "faceAngle": 0.0,
      "leftEye": [
        9.178427746192876,
        1.6176660723045588,
        1.2035244170478554,
        0.8983237216196471,
        0.0,
        0.5,
        0.5,
        0.5,
        0.5,
        0.5,
        0.5,
        0.5,
        0.5,
        0.0,
        0.0,
        0.0,
        0.0,
        0.0,
        0.0
      ]
    },
    {
      "durationTime_ms": 0,
      "faceCenterY": 0.5009279625122965,
      "faceCenterX": 0.0,
      "Name": "ProceduralFaceKeyFrame",
      "faceScaleY": 0.8689197890152864,
      "faceScaleX": 1.0495902299880981,
      "rightEye": [
        -13.049070504734356,
        0.0,
        1.3072737872424225,
        0.9447392691559457,
        0.0,
        0.47587272455025653,
        0.47587272455025653,
        0.47587272455025653,
        0.47587272455025653,
        0.47587272455025653,
        0.47587272455025653,
        0.47587272455025653,
        0.47587272455025653,
        0.0,
        0.0,
        0.0,
        0.0,
        0.0,
        0.0
      ],
      "triggerTime_ms": 396,
      "faceAngle": 0.0,
      "leftEye": [
        9.178021684898676,
        1.542602222919044,
        1.3054179067991858,
        0.8624348496622645,
        0.0,
        0.47587272455025653,
        0.47587272455025653,
        0.47587272455025653,
        0.47587272455025653,
        0.47587272455025653,
        0.47587272455025653,
        0.47587272455025653,
        0.47587272455025653,
        0.0,
        0.0,
        0.0,
        0.0,
        0.0,
        0.0
      ]
    },
    {
      "durationTime_ms": 0,
      "faceCenterY": 10.173324091206839,
      "faceCenterX": 0.0,
      "Name": "ProceduralFaceKeyFrame",
      "faceScaleY": 1.0,
      "faceScaleX": 1.0,
      "rightEye": [
        -10.206374107265454,
        0.0,
        3.3552171957995593,
        0.16985888352331813,
        0.0,
        0.01,
        0.01,
        0.01,
        0.01,
        0.01,
        0.01,
        0.01,
        0.01,
        0.0,
        0.0,
        0.0,
        0.0,
        0.0,
        0.0
      ],
      "triggerTime_ms": 429,
      "faceAngle": 0.0,