{
  "anim_speedtap_wait_medium": [
    {
      "durationTime_ms": 0,
      "faceCenterY": 0.0,
      "faceCenterX": 0.0,
      "Name": "ProceduralFaceKeyFrame",
      "faceScaleY": 1.0,
      "faceScaleX": 1.0,
      "rightEye": [
        -10.206374107265454,
        0.0,
        1.2220369777691873,
        0.9052803931751328,
        0.0,
        0.5,
        0.5,
        0.5,
        0.5,
        0.5,
        0.5,
        0.5,
        0.5,
        0.0,
        0.0,
        0.0,
        0.0,
        0.0,
        0.0
      ],
      "triggerTime_ms": 0,
      "faceAngle": 0.0,
      "leftEye": [
        9.169666010979592,
        0.0,
        1.214332921016245,
        0.9052803931751328,
        0.0,
        0.5,
        0.5,
        0.5,
        0.5,
        0.5,
        0.5,
        0.5,
        0.5,
        0.0,
        0.0,
        0.0,
        0.0,
        0.0,
        0.0
      ]
    },
    {
      "durationTime_ms": 0,
      "faceCenterY": 0.0,
      "faceCenterX": 0.0,
      "Name": "ProceduralFaceKeyFrame",
      "faceScaleY": 1.0,
      "faceScaleX": 1.0,
      "rightEye": [
        -10.206374107265454,
        0.0,
        1.2220369777691873,
        0.9052803931751328,
        0.0,
        0.5,
        0.5,
        0.5,
        0.5,
        0.5,
        0.5,
        0.5,
        0.5,
        0.0,
        0.0,
        0.0,
        0.0,
        0.0,
        0.0
      ],
      "triggerTime_ms": 33,
      "faceAngle": 0.0,
      "leftEye": [
        9.169666010979592,
        0.0,
        1.214332921016245,
        0.9052803931751328,
        0.0,
        0.5,
        0.5,
        0.5,
        0.5,
        0.5,
        0.5,
        0.5,
        0.5,
        0.0,
        0.0,
        0.0,
        0.0,
        0.0,
        0.0
      ]
    },
    {
      "durationTime_ms": 0,
      "faceCenterY": -0.91560188483246,
      "faceCenterX": 0.0,
      "Name": "ProceduralFaceKeyFrame",
      "faceScaleY": 1.040823221206665,
      "faceScaleX": 0.9362682099250061,
      "rightEye": [
        -10.206374107265454,
        0.0,
        1.2220369777691873,
        0.9052803931751328,
        0.0,
        0.5,
        0.5,
        0.5,
        0.5,
        0.5,
        0.5,
        0.5,
        0.5,
        0.0,
        0.0,
        0.0,
        0.0,
        0.0,
        0.0
      ],
      "triggerTime_ms": 66,
      "faceAngle": 0.0,
      "leftEye": [
        9.169666010979592,
        0.0,
        1.1982749047162682,
        0.8934366613108295,
        0.0,
        0.4662137074518785,
        0.4662137074518785,
        0.4662137074518785,
        0.4662137074518785,
        0.4662137074518785,
        0.4662137074518785,
        0.4662137074518785,
        0.4662137074518785,
        0.0,
        0.0,
        0.0,
        0.0,
        0.0,
        0.0
      ]
    },
    {
      "durationTime_ms": 0,
      "faceCenterY": -0.91560188483246,
      "faceCenterX": 4.0336228849095024e-05,
      "Name": "ProceduralFaceKeyFrame",
      "faceScaleY": 1.032418131828308,
      "faceScaleX": 0.9493899937405574,
      "rightEye": [
        -10.206374107265454,
        0.002080499022959648,
        1.2366738972649125,
        0.8021133508310925,
        0.0,
        0.42607481408046777,
        0.42607481408046777,
        0.42607481408046777,
        0.42607481408046777,
        0.42607481408046777,
        0.42607481408046777,
        0.42607481408046777,
        0.42607481408046777,
        0.0,
        0.0,
        0.0,
        0.0,
        0.0,
        0.0
      ],
      "triggerTime_ms": 99,
      "faceAngle": 0.0,
      "leftEye": [
        9.169666010979592,
        0.0021162867020896735,
        1.2250859665488982,
        0.7946202376744509,
        0.0,
        0.3992447783937818,
        0.3992447783937818,
        0.3992447783937818,
        0.3992447783937818,
        0.3992447783937818,
        0.3992447783937818,
        0.3992447783937818,
        0.3992447783937818,
        0.0,
        0.0,
        0.0,
        0.0,
        0.0,
        0.0
      ]
    },
    {
      "durationTime_ms": 0,
      "faceCenterY": -2.697513633663793,
      "faceCenterX": -6.72909389433175,
      "Name": "ProceduralFaceKeyFrame",
      "faceScaleY": 1.0,
      "faceScaleX": 1.05057692527771,
      "rightEye": [
        -10.206374107265454,
        0.0,
        1.2100324339026793,
        0.7345251132112764,
        0.0,
        0.26633244566534986,
        0.26633244566534986,
        0.26633244566534986,
        0.26633244566534986,
        0.26633244566534986,
        0.26633244566534986,
        0.26633244566534986,
        0.26633244566534986,
        0.0,
        0.0,
        0.0,
        0.0,
        0.0,
        0.0
      ],
      "triggerTime_ms": 132,
      "faceAngle": 0.0,
      "leftEye": [
        9.169666010979592,
        0.0,
        1.214332921016245,
        0.72132094677238,
        0.0,
        0.24677269309927144,
        0.24677269309927144,
        0.24677269309927144,
        0.24677269309927144,
        0.24677269309927144,
        0.24677269309927144,
        0.24677269309927144,
        0.24677269309927144,
        0.0,
        0.0,
        0.0,
        0.0,
        0.0,
        0.0
      ]
    },
    {
      "durationTime_ms": 0,
      "faceCenterY": -3.70018690780422,
      "faceCenterX": -7.340343711124883,
      "Name": "ProceduralFaceKeyFrame",
      "faceScaleY": 1.0,
      "faceScaleX": 1.0,
      "rightEye": [
        -10.206374107265454,
        0.0,
        1.2100324339026793,
        0.8474544589932691,
        0.0,
        0.5,
        0.5,
        0.5,
        0.5,
        0.5,
        0.5,
        0.5,
        0.5,
        0.0,
        0.0,
        0.0,
        0.0,
        0.0,
        0.0
      ],
      "triggerTime_ms": 198,
      "faceAngle": 0.0,
      "leftEye": [
        9.169666010979592,
        0.0,
        1.214332921016245,
        0.9052803931751328,
        0.0,
        0.4662137074518785,
        0.4662137074518785,
        0.4662137074518785,
        0.4662137074518785,
        0.4662137074518785,
        0.4662137074518785,
        0.4662137074518785,
        0.4662137074518785,
        0.0,
        0.0,
        0.0,
        0.0,
        0.0,
        0.0
      ]
    },
    {
      "durationTime_ms": 0,
      "faceCenterY": -3.7027151657895048,
      "faceCenterX": -7.340014591722702,
      "Name": "ProceduralFaceKeyFrame",
      "faceScaleY": 1.0,
      "faceScaleX": 1.0,
      "rightEye": [
        -10.206374107265454,
        0.0,
        1.20953970979553,
        0.8472819670741956,
        0.0,
        0.5,
        0.5,
        0.5,
        0.5,
        0.5,
        0.5,
        0.5,
        0.5,
        0.0,
        0.0,
        0.0,
        0.0,
        0.0,
        0.0
      ],
      "triggerTime_ms": 792,
      "faceAngle": 0.0,
      "leftEye": [
        9.169666010979592,
        0.0,
        1.214332921016245,
        0.9052803931751328,
        0.0,
        0.4662137074518785,
        0.4662137074518785,
        0.4662137074518785,
        0.4662137074518785,
        0.4662137074518785,
        0.4662137074518785,
        0.4662137074518785,
        0.4662137074518785,
        0.0,
        0.0,
        0.0,
        0.0,
        0.0,
        0.0
      ]
    },
    {
      "durationTime_ms": 0,
      "faceCenterY": -0.7637536668064199,
      "faceCenterX": -1.2309245464280842,
      "Name": "ProceduralFaceKeyFrame",
      "faceScaleY": 1.0862597227096558,
      "faceScaleX": 0.9035099142214396,
      "rightEye": [
        -10.206374107265454,
        0.0,
        1.2220369777691873,
        0.9052803931751328,
        0.0,
        0.5,
        0.5,
        0.5,
        0.5,
        0.5,
        0.5,
        0.5,
        0.5,
        0.0,
        0.0,
        0.0,
        0.0,
        0.0,
        0.0
      ],
      "triggerTime_ms": 825,
      "faceAngle": 0.0,