{
  "anim_repair_severe_driving_loop_02": [
    {
      "angleVariability_deg": 0,
      "angle_deg": -13.04225730895996,
      "triggerTime_ms": 0,
      "Name": "HeadAngleKeyFrame",
      "durationTime_ms": 2475
    },
    {
      "Name": "ProceduralFaceKeyFrame",
      "faceScaleY": 0.6881323449855017,
      "faceScaleX": 0.9640879628031495,
      "faceAngle": 0.0,
      "leftEye": [
        9.169666010979592,
        1.5802099077248075,
        1.1211359817232032,
        0.8295074212898328,
        0.0,
        0.5004404542376513,
        0.5004404542376513,
        0.5004404542376513,
        0.5004404542376513,
        0.5004404542376513,
        0.5004404542376513,
        0.5004404542376513,
        0.5004404542376513,
        0.35451012856083985,
        -19.176406860351562,
        0.0,
        0.18623562481735567,
        0.0,
        0.0
      ],
      "durationTime_ms": 0,
      "faceCenterY": 14.115870139321489,
      "faceCenterX": 0.0,
      "rightEye": [
        -10.206374107265454,
        0.0,
        1.2500511024351326,
        0.9052803931751328,
        0.0,
        0.5,
        0.5,
        0.5,
        0.5,
        0.5,
        0.5,
        0.5,
        0.5,
        0.2418344442680015,
        -24.997615814208984,
        0.0,
        0.11689991284633672,
        0.0,
        0.0
      ],
      "triggerTime_ms": 0
    },
    {
      "Name": "ProceduralFaceKeyFrame",
      "faceScaleY": 0.6881323449855017,
      "faceScaleX": 0.9640879628031495,
      "faceAngle": 0.0,
      "leftEye": [
        9.169666010979592,
        1.5802099077248075,
        1.1211359817232032,
        0.8295074212898328,
        0.0,
        0.5004404542376513,
        0.5004404542376513,
        0.5004404542376513,
        0.5004404542376513,
        0.5004404542376513,
        0.5004404542376513,
        0.5004404542376513,
        0.5004404542376513,
        0.35451012856083985,
        -19.176406860351562,
        0.0,
        0.18623562481735567,
        0.0,
        0.0
      ],
      "durationTime_ms": 0,
      "faceCenterY": 14.115870139321489,
      "faceCenterX": 0.0,
      "rightEye": [
        -10.206374107265454,
        0.0,
        1.2500511024351326,
        0.9052803931751328,
        0.0,
        0.5,
        0.5,
        0.5,
        0.5,
        0.5,
        0.5,
        0.5,
        0.5,
        0.23996690089838646,
        -24.997615814208984,
        0.0,
        0.11689991284633672,
        0.0,
        0.0
      ],
      "triggerTime_ms": 33
    },
    {
      "Name": "ProceduralFaceKeyFrame",
      "faceScaleY": 0.6881323449855017,
      "faceScaleX": 0.9640879628031495,
      "faceAngle": 0.0,
      "leftEye": [
        9.169666010979592,
        1.5802099077248075,
        1.1211359817232032,
        0.8295074212898328,
        0.0,
        0.5004404542376513,
        0.5004404542376513,
        0.5004404542376513,
        0.5004404542376513,
        0.5004404542376513,
        0.5004404542376513,
        0.5004404542376513,
        0.5004404542376513,
        0.35451012856083985,
        -19.176406860351562,
        0.0,
        0.18623562481735567,
        0.0,
        0.0
      ],
      "durationTime_ms": 0,
      "faceCenterY": 14.115870139321489,
      "faceCenterX": 0.179239964884574,
      "rightEye": [
        -10.206374107265454,
        0.0,
        1.2500511024351326,
        0.9052803931751328,
        0.0,
        0.5,
        0.5,
        0.5,
        0.5,
        0.5,
        0.5,
        0.5,
        0.5,
        0.23773517044028647,
        -24.997615814208984,
        0.0,
        0.11689991284633672,
        0.0,
        0.0
      ],
      "triggerTime_ms": 66
    },
    {
      "Name": "ProceduralFaceKeyFrame",
      "faceScaleY": 0.6881323449855017,
      "faceScaleX": 0.9640879628031495,
      "faceAngle": 0.0,
      "leftEye": [
        9.169666010979592,
        1.5802099077248075,
        1.1211359817232032,
        0.8295074212898328,
        0.0,
        0.5004404542376513,
        0.5004404542376513,
        0.5004404542376513,
        0.5004404542376513,
        0.5004404542376513,
        0.5004404542376513,
        0.5004404542376513,
        0.5004404542376513,
        0.4231040290990242,
        -19.176406860351562,
        0.0,
        0.18623562481735567,
        0.0,
        0.0
      ],
      "durationTime_ms": 0,
      "faceCenterY": 14.115870139321489,
      "faceCenterX": 1.3284316881632279,
      "rightEye": [
        -10.206374107265454,
        0.0,
        1.2500511024351326,
        0.9052803931751328,
        0.0,
        0.5,
        0.5,
        0.5,
        0.5,
        0.5,
        0.5,
        0.5,
        0.5,
        0.2977007436415997,
        -24.997615814208984,
        0.0,
        0.11689991284633672,
        0.0,
        0.0
      ],
      "triggerTime_ms": 99
    },
    {
      "Name": "ProceduralFaceKeyFrame",
      "faceScaleY": 0.6881323449855017,
      "faceScaleX": 0.9640879628031495,
      "faceAngle": 0.0,
      "leftEye": [
        9.169666010979592,
        1.5802099077248075,
        1.1211359817232032,
        0.8295074212898328,
        0.0,
        0.5004404542376513,
        0.5004404542376513,
        0.5004404542376513,
        0.5004404542376513,
        0.5004404542376513,
        0.5004404542376513,
        0.5004404542376513,
        0.5004404542376513,
        0.35451012856083985,
        -19.176406860351562,
        0.0,
        0.18623562481735567,
        0.0,
        0.0
      ],
      "durationTime_ms": 0,
      "faceCenterY": 14.115870139321489,
      "faceCenterX": 1.9975942354280893,
      "rightEye": [
        -10.206374107265454,
        0.0,
        1.2500511024351326,
        0.9052803931751328,
        0.0,
        0.5,
        0.5,
        0.5,
        0.5,
        0.5,
        0.5,
        0.5,
        0.5,
        0.2287817457036495,
        -24.997615814208984,
        0.0,
        0.11689991284633672,
        0.0,
        0.0
      ],
      "triggerTime_ms": 198
    },
    {
      "Name": "ProceduralFaceKeyFrame",
      "faceScaleY": 0.6881323449855017,
      "faceScaleX": 0.9640879628031495,
      "faceAngle": 0.0,
      "leftEye": [
        9.169666010979592,
        1.5802099077248075,
        1.1211359817232032,
        0.8295074212898328,
        0.0,
        0.5004404542376513,
        0.5004404542376513,
        0.5004404542376513,
        0.5004404542376513,
        0.5004404542376513,
        0.5004404542376513,
        0.5004404542376513,
        0.5004404542376513,
        0.35451012856083985,
        -19.176406860351562,
        0.0,
        0.18623562481735567,
        0.0,
        0.0
      ],
      "durationTime_ms": 0,
      "faceCenterY": 14.115870139321489,
      "faceCenterX": 1.9975942354280893,
      "rightEye": [
        -10.206374107265454,
        0.0,
        1.2500511024351326,
        0.9052803931751328,
        0.0,
        0.5,
        0.5,
        0.5,
        0.5,
        0.5,
        0.5,
        0.5,
        0.5,
        0.1952838792785786,
        -24.997615814208984,
        0.0,
        0.11689991284633672,
        0.0,
        0.0
      ],
      "triggerTime_ms": 924
    },
    {
      "Name": "ProceduralFaceKeyFrame",
      "faceScaleY": 0.6881323449855017,
      "faceScaleX": 0.9640879628031495,
      "faceAngle": 0.0,
      "leftEye": [
        9.169666010979592,
        1.5802099077248075,
        1.1901584777427858,
        0.8295074212898328,
        0.0,
        0.5004404542376513,
        0.5004404542376513,
        0.5004404542376513,
        0.5004404542376513,
        0.5004404542376513,
        0.5004404542376513,
        0.5004404542376513,
        0.5004404542376513,
        0.47294207945040356,
        -14.865916252136229,
        0.0,
        0.18623562481735567,
        0.0,
        0.0
      ],
      "durationTime_ms": 0,
      "faceCenterY": 14.115870139321489,
      "faceCenterX": 0.910109351499695,