{
  "anim_hiking_edgesquintloop_01": [
    {
      "durationTime_ms": 0,
      "faceCenterY": 11.558122966497992,
      "faceCenterX": 0.0,
      "Name": "ProceduralFaceKeyFrame",
      "faceScaleY": 1.1451462507247925,
      "faceScaleX": 1.0,
      "rightEye": [
        -13.862146283715685,
        0.0,
        1.2220369777691873,
        0.6207348153753571,
        0.0,
        0.5,
        0.5,
        0.8551031157835851,
        0.8551031157835851,
        0.8551031157835851,
        0.8551031157835851,
        0.5,
        0.5,
        0.1487083060466431,
        0.0,
        0.0,
        0.37071655058152886,
        4.583662509918213,
        0.0
      ],
      "triggerTime_ms": 0,
      "faceAngle": 0.0,
      "leftEye": [
        10.013480973966686,
        0.0,
        1.214332921016245,
        0.6207348153753571,
        0.0,
        0.5,
        0.5,
        0.8551031157835851,
        0.8551031157835851,
        0.8551031157835851,
        0.8551031157835851,
        0.5,
        0.5,
        0.13761467605622713,
        0.0,
        0.0,
        0.4008424994936408,
        4.583662509918213,
        0.0
      ]
    },
    {
      "durationTime_ms": 0,
      "faceCenterY": 11.558122966497992,
      "faceCenterX": 0.0,
      "Name": "ProceduralFaceKeyFrame",
      "faceScaleY": 1.1451462507247925,
      "faceScaleX": 1.0,
      "rightEye": [
        -13.862146283715685,
        0.0,
        1.2220369777691873,
        0.6207348153753571,
        0.0,
        0.5,
        0.5,
        0.8551031157835851,
        0.8551031157835851,
        0.8551031157835851,
        0.8551031157835851,
        0.5,
        0.5,
        0.1487083060466431,
        0.0,
        0.0,
        0.37071655058152886,
        4.583662509918213,
        0.0
      ],
      "triggerTime_ms": 165,
      "faceAngle": 0.0,
      "leftEye": [
        10.013480973966686,
        0.0,
        1.214332921016245,
        0.6207348153753571,
        0.0,
        0.5,
        0.5,
        0.8551031157835851,
        0.8551031157835851,
        0.8551031157835851,
        0.8551031157835851,
        0.5,
        0.5,
        0.13761467605622713,
        0.0,
        0.0,
        0.4008424994936408,
        4.583662509918213,
        0.0
      ]
    },
    {
      "durationTime_ms": 0,
      "faceCenterY": 11.558122966497992,
      "faceCenterX": 3.6642606681790486,
      "Name": "ProceduralFaceKeyFrame",
      "faceScaleY": 1.1451462507247925,
      "faceScaleX": 1.0,
      "rightEye": [
        -11.035664380358648,
        0.0,
        1.2072401479938213,
        0.4515821978544068,
        0.0,
        0.5,
        0.5,
        0.8551031157835851,
        0.8551031157835851,
        0.8551031157835851,
        0.8551031157835851,
        0.5,
        0.5,
        0.1487083060466431,
        0.0,
        0.0,
        0.3930802937867327,
        4.583662509918213,
        0.0
      ],
      "triggerTime_ms": 198,
      "faceAngle": 0.0,
      "leftEye": [
        12.439866793141611,
        0.0,
        1.1923499931147516,
        0.4320615300383963,
        0.0,
        0.5,
        0.5,
        0.8551031157835851,
        0.8551031157835851,
        0.8551031157835851,
        0.8551031157835851,
        0.5,
        0.5,
        0.13761467605622713,
        0.0,
        0.0,
        0.4238736217126825,
        4.583662509918213,
        0.0
      ]
    },
    {
      "durationTime_ms": 0,
      "faceCenterY": 11.558122966497992,
      "faceCenterX": 3.887290640324951,
      "Name": "ProceduralFaceKeyFrame",
      "faceScaleY": 1.1451462507247925,
      "faceScaleX": 1.0,
      "rightEye": [
        -10.955849394964853,
        0.0,
        1.206636120681081,
        0.5956323051676975,
        0.0,
        0.5,
        0.5,
        0.8551031157835851,
        0.8551031157835851,
        0.8551031157835851,
        0.8551031157835851,
        0.5,
        0.5,
        0.1487083060466431,
        0.0,
        0.0,
        0.39566075779489696,
        4.583662509918213,
        0.0
      ],
      "triggerTime_ms": 264,
      "faceAngle": 0.0,
      "leftEye": [
        12.709346904941292,
        0.0,
        1.1902598745236452,
        0.6692102480845108,
        0.0,
        0.5,
        0.5,
        0.8551031157835851,
        0.8551031157835851,
        0.8551031157835851,
        0.8551031157835851,
        0.5,
        0.5,
        0.13761467605622713,
        0.0,
        0.0,
        0.4265310919495987,
        4.583662509918213,
        0.0
      ]
    },
    {
      "durationTime_ms": 0,
      "faceCenterY": 11.558122966497992,
      "faceCenterX": 3.887290640324951,
      "Name": "ProceduralFaceKeyFrame",
      "faceScaleY": 1.1451462507247925,
      "faceScaleX": 1.0,
      "rightEye": [
        -10.955849394964853,
        0.0,
        1.206636120681081,
        0.5956323051676975,
        0.0,
        0.5,
        0.5,
        0.8551031157835851,
        0.8551031157835851,
        0.8551031157835851,
        0.8551031157835851,
        0.5,
        0.5,
        0.1487083060466431,
        0.0,
        0.0,
        0.39566075779489696,
        4.583662509918213,
        0.0
      ],
      "triggerTime_ms": 792,
      "faceAngle": 0.0,
      "leftEye": [
        12.709346904941292,
        0.0,
        1.1902598745236452,
        0.6692102480845108,
        0.0,
        0.5,
        0.5,
        0.8551031157835851,
        0.8551031157835851,
        0.8551031157835851,
        0.8551031157835851,
        0.5,
        0.5,
        0.13761467605622713,
        0.0,
        0.0,
        0.4265310919495987,
        4.583662509918213,
        0.0
      ]
    },
    {
      "durationTime_ms": 0,
      "faceCenterY": 11.558122966497992,
      "faceCenterX": 0.14300114042679207,
      "Name": "ProceduralFaceKeyFrame",
      "faceScaleY": 1.1451462507247925,
      "faceScaleX": 1.0,
      "rightEye": [
        -11.035664380358648,
        0.0,
        1.2072401479938213,
        0.4515821978544068,
        0.0,
        0.5,
        0.5,
        0.8551031157835851,
        0.8551031157835851,
        0.8551031157835851,
        0.8551031157835851,
        0.5,
        0.5,
        0.1487083060466431,
        0.0,
        0.0,
        0.3930802937867327,
        4.583662509918213,
        0.0
      ],
      "triggerTime_ms": 825,
      "faceAngle": 0.0,
      "leftEye": [
        12.439866793141611,
        0.0,
        1.1923499931147516,
        0.4320615300383963,
        0.0,
        0.5,
        0.5,
        0.8551031157835851,
        0.8551031157835851,
        0.8551031157835851,
        0.8551031157835851,
        0.5,
        0.5,
        0.13761467605622713,
        0.0,
        0.0,
        0.4238736217126825,
        4.583662509918213,
        0.0
      ]
    },
    {
      "durationTime_ms": 0,
      "faceCenterY": 11.558122966497992,
      "faceCenterX": 0.0,
      "Name": "ProceduralFaceKeyFrame",
      "faceScaleY": 1.1451462507247925,
      "faceScaleX": 1.0,
      "rightEye": [
        -13.862770787584406,
        0.0,
        1.2220369777691873,
        0.6207348153753571,
        0.0,
        0.5,
        0.5,
        0.8551031157835851,
        0.8551031157835851,
        0.8551031157835851,
        0.8551031157835851,
        0.5,
        0.5,
        0.1487083060466431,
        0.0,
        0.0,
        0.37071655058152886,
        4.583662509918213,
        0.0
      ],
      "triggerTime_ms": 891,
      "faceAngle": 0.0,
      "leftEye": [
        10.013480973966686,
        0.0,
        1.214332921016245,
        0.6207348153753571,
        0.0,
        0.5,
        0.5,
        0.8551031157835851,
        0.8551031157835851,
        0.8551031157835851,
        0.8551031157835851,
        0.5,
        0.5,
        0.13761467605622713,
        0.0,
        0.0,
        0.4008424994936408,
        4.583662509918213,
        0.0
      ]
    },
    {
      "durationTime_ms": 0,
      "faceCenterY": 11.558122966497992,
      "faceCenterX": 0.0,