{
  "anim_launch_startsleeping_01": [
    {
      "durationTime_ms": 330,
      "triggerTime_ms": 0,
      "Name": "LiftHeightKeyFrame",
      "heightVariability_mm": 0,
      "height_mm": 0.0
    },
    {
      "angleVariability_deg": 0,
      "angle_deg": -19.420999526977536,
      "triggerTime_ms": 0,
      "Name": "HeadAngleKeyFrame",
      "durationTime_ms": 330
    },
    {
      "durationTime_ms": 0,
      "faceCenterY": 13.243277235624193,
      "faceCenterX": 0.0,
      "Name": "ProceduralFaceKeyFrame",
      "faceScaleY": 0.6939860575266831,
      "faceScaleX": 0.6939860575266831,
      "rightEye": [
        -10.206374107265454,
        0.0,
        0.04230115270890178,
        0.18639072885659402,
        0.0,
        0.5,
        0.5,
        0.5,
        0.5,
        0.5,
        0.5,
        0.5,
        0.5,
        0.8777452743535442,
        0.0,
        0.0,
        0.0,
        0.0,
        0.0
      ],
      "triggerTime_ms": 0,
      "faceAngle": 0.0,
      "leftEye": [
        9.169666010979592,
        0.0,
        0.07553062012454603,
        0.18639072885659402,
        0.0,
        0.5,
        0.5,
        0.5,
        0.5,
        0.5,
        0.5,
        0.5,
        0.5,
        0.8763987770220484,
        0.0,
        0.0,
        0.0,
        0.0,
        0.0
      ]
    },
    {
      "durationTime_ms": 0,
      "faceCenterY": 13.243277235624193,
      "faceCenterX": 0.0,
      "Name": "ProceduralFaceKeyFrame",
      "faceScaleY": 0.6939860575266831,
      "faceScaleX": 0.6939860575266831,
      "rightEye": [
        -10.206374107265454,
        0.0,
        0.04230115270890178,
        0.18639072885659402,
        0.0,
        0.5,
        0.5,
        0.5,
        0.5,
        0.5,
        0.5,
        0.5,
        0.5,
        0.8777452743535442,
        0.0,
        0.0,
        0.0,
        0.0,
        0.0
      ],
      "triggerTime_ms": 330,
      "faceAngle": 0.0,
      "leftEye": [
        9.169666010979592,
        0.0,
        0.07553062012454603,
        0.18639072885659402,
        0.0,
        0.5,
        0.5,
        0.5,
        0.5,
        0.5,
        0.5,
        0.5,
        0.5,
        0.8763987770220484,
        0.0,
        0.0,
        0.0,
        0.0,
        0.0
      ]
    }
  ]
}